{"accuracy": [0.40225890278816223, 0.5070952773094177, 0.5485085248947144, 0.5835505127906799, 0.6041123867034912, 0.6211989521980286, 0.6177237033843994, 0.6359687447547913, 0.6463944315910339, 0.6539241075515747, 0.6588473916053772, 0.6684042811393738, 0.683753252029419, 0.684622049331665, 0.69012451171875, 0.695626974105835, 0.695626974105835, 0.7011294364929199, 0.7185056209564209, 0.7164784073829651, 0.7271937727928162, 0.7257457375526428, 0.7344338297843933, 0.7315378189086914, 0.7387778759002686, 0.7405154705047607, 0.739357054233551, 0.7541268467903137, 0.7552852630615234, 0.7625253200531006, 0.7633941769599915, 0.7631045579910278, 0.7636837363243103, 0.76484215259552, 0.7654213905334473, 0.7720822691917419, 0.7874312400817871, 0.7819287776947021, 0.7830871939659119, 0.7894584536552429, 0.7920648455619812, 0.8019113540649414, 0.7935128808021545, 0.7943816781044006, 0.8050970435142517, 0.8010425567626953, 0.8030697703361511, 0.8007529973983765, 0.8134955167770386, 0.813205897808075, 0.8210251927375793, 0.8210251927375793, 0.8192875981330872, 0.8291341066360474, 0.8262380361557007, 0.8268172740936279, 0.8291341066360474, 0.8305820822715759, 0.8369534015655518, 0.8398494124412537, 0.833188533782959, 0.8401390314102173, 0.8317404985427856, 0.8439038395881653, 0.8410078287124634, 0.8470894694328308, 0.8502750992774963, 0.8546191453933716, 0.8583840131759644, 0.8473790884017944, 0.8534607291221619, 0.8627280592918396, 0.858673632144928, 0.862438440322876, 0.8595424294471741, 0.8615696430206299, 0.8734433650970459, 0.8633072972297668], "loss": [1.346669316291809, 1.1719996929168701, 1.1031514406204224, 1.0375643968582153, 1.0092442035675049, 0.9677068591117859, 0.9640603065490723, 0.9318565130233765, 0.9027511477470398, 0.8825857043266296, 0.8497391939163208, 0.8445090651512146, 0.8244547843933105, 0.8147321343421936, 0.8002474308013916, 0.7804663181304932, 0.7724636793136597, 0.7606595158576965, 0.7436428070068359, 0.718788743019104, 0.7247329950332642, 0.7171202898025513, 0.6995660066604614, 0.688578724861145, 0.6674978137016296, 0.676321804523468, 0.6647536754608154, 0.6622326970100403, 0.6549744009971619, 0.625948965549469, 0.6216363310813904, 0.6104695200920105, 0.6124634742736816, 0.599797248840332, 0.5994016528129578, 0.5992433428764343, 0.5588098764419556, 0.5772892236709595, 0.5617436170578003, 0.5583934187889099, 0.5497699975967407, 0.5359082818031311, 0.5373658537864685, 0.5437189340591431, 0.5304176807403564, 0.5222530961036682, 0.5122075080871582, 0.5060006380081177, 0.49465397000312805, 0.4965750277042389, 0.4812438488006592, 0.4769066572189331, 0.4640021026134491, 0.4736573100090027, 0.4572483003139496, 0.4636099636554718, 0.45536836981773376, 0.4503277838230133, 0.43663081526756287, 0.43467921018600464, 0.44231459498405457, 0.42253369092941284, 0.43655431270599365, 0.4178852438926697, 0.4108711779117584, 0.3886888325214386, 0.39250651001930237, 0.38357675075531006, 0.3914366662502289, 0.39822861552238464, 0.38485634326934814, 0.37312111258506775, 0.36556947231292725, 0.3622843623161316, 0.36930277943611145, 0.36529994010925293, 0.35439494252204895, 0.366634726524353], "val_accuracy": [0.5254629850387573, 0.5775462985038757, 0.6134259104728699, 0.5833333134651184, 0.6354166865348816, 0.65625, 0.6504629850387573, 0.6412037014961243, 0.6875, 0.6898148059844971, 0.6782407164573669, 0.6782407164573669, 0.7118055820465088, 0.6921296119689941, 0.7083333134651184, 0.7083333134651184, 0.7129629850387573, 0.6863425970077515, 0.7361111044883728, 0.71875, 0.7430555820465088, 0.7592592835426331, 0.7546296119689941, 0.7476851940155029, 0.7395833134651184, 0.7546296119689941, 0.7488425970077515, 0.7453703880310059, 0.7604166865348816, 0.7557870149612427, 0.7766203880310059, 0.7754629850387573, 0.7673611044883728, 0.7685185074806213, 0.7881944179534912, 0.7685185074806213, 0.7384259104728699, 0.7696759104728699, 0.7708333134651184, 0.7696759104728699, 0.7754629850387573, 0.7777777910232544, 0.7673611044883728, 0.7766203880310059, 0.7731481194496155, 0.7835648059844971, 0.7708333134651184, 0.7962962985038757, 0.7766203880310059, 0.7858796119689941, 0.7743055820465088, 0.7962962985038757, 0.7858796119689941, 0.7928240895271301, 0.7847222089767456, 0.7962962985038757, 0.7766203880310059, 0.7881944179534912, 0.7685185074806213, 0.7893518805503845, 0.7766203880310059, 0.7951388955116272, 0.7951388955116272, 0.7905092835426331, 0.7777777910232544, 0.78125, 0.7581018805503845, 0.7870370149612427, 0.8032407164573669, 0.7870370149612427, 0.7916666865348816, 0.7974537014961243, 0.7835648059844971, 0.7939814925193787, 0.8101851940155029, 0.7893518805503845, 0.7743055820465088, 0.8078703880310059], "val_loss": [1.1639297008514404, 1.0948132276535034, 1.0398926734924316, 1.045584797859192, 0.9785546064376831, 0.9108896851539612, 0.9345192909240723, 0.9413337111473083, 0.8585540652275085, 0.8404719829559326, 0.8579844236373901, 0.841158926486969, 0.8106610774993896, 0.8410502672195435, 0.8108271956443787, 0.7821774482727051, 0.7882122993469238, 0.7852821350097656, 0.7492203116416931, 0.7588843703269958, 0.7272393703460693, 0.7010888457298279, 0.6879090666770935, 0.6925121545791626, 0.7377234697341919, 0.7159035801887512, 0.6907058954238892, 0.7169635891914368, 0.6796008348464966, 0.7012857794761658, 0.648099422454834, 0.6566084623336792, 0.659474790096283, 0.6425095200538635, 0.6294653415679932, 0.6453818678855896, 0.7074775099754333, 0.6518269181251526, 0.6354749202728271, 0.6791883111000061, 0.6668338179588318, 0.6555938720703125, 0.6672400236129761, 0.6317489147186279, 0.6385746002197266, 0.6235085129737854, 0.6505350470542908, 0.5931268334388733, 0.6503355503082275, 0.6334555149078369, 0.623309314250946, 0.6067578196525574, 0.6153839230537415, 0.612520158290863, 0.6321676969528198, 0.6048102378845215, 0.6324020028114319, 0.6421282887458801, 0.6602133512496948, 0.6131290793418884, 0.6385329365730286, 0.6197848320007324, 0.6123171448707581, 0.6332579255104065, 0.6563968658447266, 0.6412830352783203, 0.6983333230018616, 0.6432749629020691, 0.6231095194816589, 0.6347727179527283, 0.6737884283065796, 0.6277251243591309, 0.6397162675857544, 0.6360436081886292, 0.6265819072723389, 0.654012143611908, 0.6673503518104553, 0.6203288435935974]}