{"accuracy": [0.3131788671016693, 0.4333816170692444, 0.4981897175312042, 0.523171603679657, 0.550325870513916, 0.5709630846977234, 0.5854453444480896, 0.5959449410438538, 0.5970311164855957, 0.6028240323066711, 0.6234612464904785, 0.6379435062408447, 0.6397538185119629, 0.6408399939537048, 0.643012285232544, 0.6603910326957703, 0.6611151099205017, 0.6694424152374268, 0.6661839485168457, 0.678493857383728, 0.6846488118171692, 0.6886314153671265, 0.6980448961257935, 0.7031136751174927, 0.7081824541091919, 0.6980448961257935, 0.702751636505127, 0.7143374085426331, 0.7157856822013855, 0.7317161560058594, 0.7244750261306763, 0.7175959348678589, 0.7288196682929993, 0.7360607981681824, 0.7320781946182251, 0.7465604543685913, 0.7472845911979675, 0.7349746823310852, 0.7443881034851074, 0.7621288895606995, 0.7617668509483337, 0.7566980719566345, 0.7643012404441833, 0.7610427141189575, 0.7585083246231079, 0.7711803317070007, 0.7592324614524841, 0.765749454498291, 0.7776973247528076, 0.7784214615821838, 0.7834902405738831, 0.7784214615821838, 0.7813178896903992, 0.7773352861404419, 0.7842143177986145, 0.7776973247528076, 0.775162935256958, 0.7921795845031738, 0.7950760126113892, 0.7997827529907227, 0.7954381108283997, 0.7925416231155396, 0.7997827529907227, 0.8059377074241638, 0.8044894933700562, 0.8088341951370239, 0.8157132267951965, 0.8048515319824219, 0.8044894933700562, 0.8091962337493896, 0.8030412793159485, 0.8084720969200134, 0.8110065460205078, 0.8070238828659058, 0.8128167986869812, 0.817161500453949, 0.8124547600746155, 0.8349022269248962, 0.8316437602043152, 0.8301954865455627, 0.8359884023666382, 0.8258508443832397, 0.8269370198249817, 0.8349022269248962, 0.8334540128707886, 0.8417813181877136, 0.839246928691864, 0.8475742340087891, 0.8370745778083801], "loss": [1.5182878971099854, 1.293661117553711, 1.1941068172454834, 1.1413829326629639, 1.093395471572876, 1.076778769493103, 1.0512388944625854, 1.0259220600128174, 1.011078119277954, 0.9956763386726379, 0.9567003846168518, 0.9377298951148987, 0.9212794899940491, 0.906613826751709, 0.8950218558311462, 0.8728252053260803, 0.8639799356460571, 0.848386824131012, 0.8450655341148376, 0.8180208206176758, 0.8300556540489197, 0.8010886907577515, 0.799099862575531, 0.7908298969268799, 0.7627198696136475, 0.7752354145050049, 0.7549816370010376, 0.7483131885528564, 0.7447986006736755, 0.7243602871894836, 0.7276260256767273, 0.7254390120506287, 0.7108821868896484, 0.7030155062675476, 0.7007713913917542, 0.6823505163192749, 0.6765058636665344, 0.676995038986206, 0.6608892679214478, 0.6411860585212708, 0.640700101852417, 0.6374553442001343, 0.6204275488853455, 0.6335318684577942, 0.6364736557006836, 0.6084771752357483, 0.6113142967224121, 0.6059482097625732, 0.5961669683456421, 0.57401043176651, 0.5813977718353271, 0.588342547416687, 0.5743246078491211, 0.5652246475219727, 0.5692808628082275, 0.5748322606086731, 0.575708270072937, 0.547451913356781, 0.5441030859947205, 0.5203800797462463, 0.5458295941352844, 0.5167595744132996, 0.5294486880302429, 0.5168176293373108, 0.5116571187973022, 0.5044376850128174, 0.4902340769767761, 0.5179919004440308, 0.5049198269844055, 0.4982834458351135, 0.5048582553863525, 0.498778373003006, 0.4903700053691864, 0.48985761404037476, 0.4831300377845764, 0.4838930368423462, 0.4942682981491089, 0.4497489333152771, 0.4569314420223236, 0.4632794260978699, 0.4423941671848297, 0.44959208369255066, 0.44064390659332275, 0.4439929723739624, 0.43266814947128296, 0.42354145646095276, 0.4161524176597595, 0.4228670001029968, 0.4131137430667877], "val_accuracy": [0.45730826258659363, 0.49782922863960266, 0.555716335773468, 0.5629522204399109, 0.5774240493774414, 0.5759768486022949, 0.5701881051063538, 0.6034732460975647, 0.5904486179351807, 0.6020260453224182, 0.6150506734848022, 0.6251809000968933, 0.6425470113754272, 0.6208393573760986, 0.6512300968170166, 0.6382055282592773, 0.6324167847633362, 0.6555716395378113, 0.6845151782035828, 0.6714906096458435, 0.670043408870697, 0.6888567209243774, 0.6975398063659668, 0.6801736354827881, 0.6787264943122864, 0.6874095797538757, 0.6946454644203186, 0.6874095797538757, 0.6743849515914917, 0.6816208362579346, 0.6989869475364685, 0.6975398063659668, 0.7076700329780579, 0.7091172337532043, 0.7337192296981812, 0.7047756910324097, 0.700434148311615, 0.710564374923706, 0.7206946611404419, 0.7149059176445007, 0.7206946611404419, 0.7163531184196472, 0.7206946611404419, 0.7322720885276794, 0.7250362038612366, 0.7235890030860901, 0.7264833450317383, 0.7424023151397705, 0.743849515914917, 0.7366136312484741, 0.7293776869773865, 0.7452966570854187, 0.7496381998062134, 0.7366136312484741, 0.7380607724189758, 0.7424023151397705, 0.740955114364624, 0.740955114364624, 0.7583212852478027, 0.7525325417518616, 0.7597684264183044, 0.7641099691390991, 0.7452966570854187, 0.7293776869773865, 0.7467438578605652, 0.771345853805542, 0.7481909990310669, 0.771345853805542, 0.7597684264183044, 0.7539797425270081, 0.7641099691390991, 0.7583212852478027, 0.7655571699142456, 0.7510854005813599, 0.7626628279685974, 0.771345853805542, 0.7366136312484741, 0.7583212852478027, 0.7626628279685974, 0.7554269433021545, 0.7554269433021545, 0.7568740844726562, 0.7583212852478027, 0.7525325417518616, 0.7583212852478027, 0.740955114364624, 0.7481909990310669, 0.7597684264183044, 0.7698987126350403], "val_loss": [1.333328366279602, 1.179390549659729, 1.1158376932144165, 1.0758557319641113, 1.0488847494125366, 1.0723429918289185, 1.0272243022918701, 1.0064910650253296, 1.0180113315582275, 0.9909747242927551, 0.9641652703285217, 0.9455262422561646, 0.9111512899398804, 0.9071058034896851, 0.9344619512557983, 0.9054039716720581, 0.936404287815094, 0.8944629430770874, 0.8630107045173645, 0.865070104598999, 0.9015453457832336, 0.8289404511451721, 0.8607916831970215, 0.8342857360839844, 0.8305649161338806, 0.8273058533668518, 0.8163846731185913, 0.8143424391746521, 0.8640311360359192, 0.8310108780860901, 0.7964254021644592, 0.8045065402984619, 0.7789061069488525, 0.7874115705490112, 0.7523177266120911, 0.7616890668869019, 0.7658964991569519, 0.7649345993995667, 0.7499281764030457, 0.790134608745575, 0.7503324747085571, 0.7551042437553406, 0.7598833441734314, 0.742380678653717, 0.7318685054779053, 0.7436661124229431, 0.7498713135719299, 0.7312312126159668, 0.7290892004966736, 0.7495065927505493, 0.7352976202964783, 0.7433033585548401, 0.7180365920066833, 0.7419572472572327, 0.723500669002533, 0.7156074643135071, 0.7055693864822388, 0.6957616806030273, 0.6905190348625183, 0.7196954488754272, 0.69389408826828, 0.6988657116889954, 0.6945672035217285, 0.7386738657951355, 0.7226672768592834, 0.6970365047454834, 0.7424776554107666, 0.7093073725700378, 0.7137908935546875, 0.7005754709243774, 0.7017737030982971, 0.7088915705680847, 0.6945115327835083, 0.7280436158180237, 0.6923263072967529, 0.7005771994590759, 0.7498441934585571, 0.7117910385131836, 0.7042719721794128, 0.7245545387268066, 0.7211957573890686, 0.7038804292678833, 0.6996923685073853, 0.7278476357460022, 0.7066298127174377, 0.7745975852012634, 0.7268587946891785, 0.7374628782272339, 0.7128052711486816]}