{"accuracy": [0.36133235692977905, 0.4710354804992676, 0.5286024808883667, 0.5517740845680237, 0.5742215514183044, 0.595582902431488, 0.6078928112983704, 0.6205648183822632, 0.6343229413032532, 0.6350470781326294, 0.6506155133247375, 0.6520637273788452, 0.6658218502998352, 0.6658218502998352, 0.669080376625061, 0.6741491556167603, 0.6777697205543518, 0.6929761171340942, 0.6730629801750183, 0.6976828575134277, 0.6955105066299438, 0.7096307277679443, 0.7020274996757507, 0.7085445523262024, 0.7201303243637085, 0.7241129875183105, 0.7096307277679443, 0.734250545501709, 0.7299058437347412, 0.7367849349975586, 0.7367849349975586, 0.7465604543685913, 0.751991331577301, 0.746922492980957, 0.7476466298103333, 0.7599565386772156, 0.7675597667694092, 0.7595945000648499, 0.7679218053817749, 0.7617668509483337, 0.7726285457611084, 0.779507577419281, 0.7791455388069153, 0.7715423703193665, 0.7824040651321411, 0.7842143177986145, 0.7918175458908081, 0.7784214615821838, 0.7842143177986145, 0.7914554476737976, 0.788921058177948, 0.7961621880531311, 0.807748019695282, 0.7965242862701416, 0.807748019695282, 0.7965242862701416, 0.8070238828659058, 0.8196958899497986, 0.8110065460205078, 0.812092661857605, 0.8164373636245728, 0.8269370198249817, 0.8218682408332825, 0.825488805770874, 0.8251267075538635, 0.8280231952667236, 0.825488805770874, 0.8454018831253052, 0.8370745778083801, 0.8312816619873047, 0.8175235390663147, 0.8323678374290466, 0.8396089673042297, 0.8406951427459717, 0.839246928691864, 0.8461260199546814, 0.8461260199546814], "loss": [1.424977421760559, 1.234666109085083, 1.1523191928863525, 1.1033440828323364, 1.0653032064437866, 1.0371744632720947, 1.0021721124649048, 0.9821176528930664, 0.9540375471115112, 0.9395308494567871, 0.9216198921203613, 0.9064733386039734, 0.8825939893722534, 0.8562525510787964, 0.869142472743988, 0.8498924970626831, 0.8393341898918152, 0.813696563243866, 0.8202977180480957, 0.785262942314148, 0.7871584296226501, 0.7627061009407043, 0.7744851112365723, 0.760260820388794, 0.7402003407478333, 0.7282900810241699, 0.7380518913269043, 0.7064459323883057, 0.7122170329093933, 0.6870428919792175, 0.6862552762031555, 0.6630125045776367, 0.6681726574897766, 0.666481077671051, 0.6577624678611755, 0.642499566078186, 0.6366139650344849, 0.6293661594390869, 0.6128387451171875, 0.6336961388587952, 0.5945876836776733, 0.5964499711990356, 0.597498893737793, 0.5915369391441345, 0.583320677280426, 0.5695763230323792, 0.5514513850212097, 0.5643796920776367, 0.5492873787879944, 0.5544420480728149, 0.5428699851036072, 0.5373040437698364, 0.5157900452613831, 0.5391826033592224, 0.5163726210594177, 0.5181270241737366, 0.4998917579650879, 0.4974862337112427, 0.5002738237380981, 0.4834359586238861, 0.4756433069705963, 0.48749056458473206, 0.47055184841156006, 0.46661603450775146, 0.4688214659690857, 0.4622085988521576, 0.4527473747730255, 0.4289398193359375, 0.43533357977867126, 0.432738333940506, 0.443649560213089, 0.44273555278778076, 0.4265049695968628, 0.42455148696899414, 0.4263089597225189, 0.40162333846092224, 0.4087808132171631], "val_accuracy": [0.47756874561309814, 0.5542691946029663, 0.5976845026016235, 0.6034732460975647, 0.6222865581512451, 0.639652669429779, 0.6193921566009521, 0.6541244387626648, 0.6425470113754272, 0.6483357548713684, 0.670043408870697, 0.6657018661499023, 0.6801736354827881, 0.6859623789787292, 0.6743849515914917, 0.6903039216995239, 0.6685962080955505, 0.6816208362579346, 0.6816208362579346, 0.6642547249794006, 0.7047756910324097, 0.7120115756988525, 0.6787264943122864, 0.700434148311615, 0.710564374923706, 0.6816208362579346, 0.7091172337532043, 0.7018813490867615, 0.6903039216995239, 0.6657018661499023, 0.6975398063659668, 0.7120115756988525, 0.7206946611404419, 0.7206946611404419, 0.7149059176445007, 0.7235890030860901, 0.7047756910324097, 0.710564374923706, 0.6931982636451721, 0.7351664304733276, 0.7395079731941223, 0.7221418023109436, 0.7062228918075562, 0.7380607724189758, 0.730824887752533, 0.7293776869773865, 0.7467438578605652, 0.7250362038612366, 0.7366136312484741, 0.7322720885276794, 0.7264833450317383, 0.7481909990310669, 0.7351664304733276, 0.7178003191947937, 0.6989869475364685, 0.7322720885276794, 0.7279305458068848, 0.7539797425270081, 0.7525325417518616, 0.7337192296981812, 0.7467438578605652, 0.730824887752533, 0.7554269433021545, 0.7192474603652954, 0.7279305458068848, 0.7452966570854187, 0.7279305458068848, 0.7337192296981812, 0.7337192296981812, 0.7192474603652954, 0.7322720885276794, 0.7250362038612366, 0.7351664304733276, 0.7322720885276794, 0.7612156271934509, 0.7452966570854187, 0.7366136312484741], "val_loss": [1.206675410270691, 1.1248337030410767, 1.0672038793563843, 1.0664732456207275, 0.988530695438385, 1.0357997417449951, 0.9887052178382874, 0.9661843776702881, 0.9303790926933289, 0.9313745498657227, 0.8942900896072388, 0.8932236433029175, 0.8789339661598206, 0.8691646456718445, 0.8783738017082214, 0.8523941040039062, 0.8477292060852051, 0.8284398317337036, 0.8366770148277283, 0.8676600456237793, 0.8451666235923767, 0.7877322435379028, 0.8303169012069702, 0.7959862351417542, 0.7916644811630249, 0.8134846091270447, 0.775094211101532, 0.7639229893684387, 0.792008638381958, 0.8927296996116638, 0.7678220868110657, 0.747300922870636, 0.7502843141555786, 0.7786230444908142, 0.7667423486709595, 0.7648981213569641, 0.7770678400993347, 0.7451280355453491, 0.798711359500885, 0.7387593984603882, 0.7486913204193115, 0.785106360912323, 0.7873154282569885, 0.7270392775535583, 0.7466820478439331, 0.749405562877655, 0.7209981083869934, 0.7823519706726074, 0.7642787098884583, 0.7259653806686401, 0.7572547197341919, 0.7445851564407349, 0.7551906108856201, 0.7677238583564758, 0.8662945032119751, 0.7520757913589478, 0.777042806148529, 0.7313589453697205, 0.7440387010574341, 0.776487410068512, 0.7435318827629089, 0.7640277743339539, 0.7396993041038513, 0.7684300541877747, 0.7749960422515869, 0.7801887392997742, 0.7649396657943726, 0.8203881978988647, 0.8050822615623474, 0.8097503185272217, 0.7817524075508118, 0.7718022465705872, 0.7373773455619812, 0.7809087038040161, 0.7660126686096191, 0.7521992325782776, 0.7924896478652954]}