{"accuracy": [0.35010862350463867, 0.4710354804992676, 0.5354815125465393, 0.5477914810180664, 0.5821868181228638, 0.591238260269165, 0.5992034673690796, 0.6259956359863281, 0.6263577342033386, 0.6390296816825867, 0.629254162311554, 0.6520637273788452, 0.6545981168746948, 0.6582186818122864, 0.6694424152374268, 0.6698045134544373, 0.6698045134544373, 0.6669080257415771, 0.6727009415626526, 0.6803041100502014, 0.6940622925758362, 0.6958725452423096, 0.6980448961257935, 0.6984069347381592, 0.715423583984375, 0.7143374085426331, 0.7132512927055359, 0.7150615453720093, 0.7183200716972351, 0.7237508893013, 0.7186821103096008, 0.7255612015724182, 0.7317161560058594, 0.7494569420814514, 0.7465604543685913, 0.7458363771438599, 0.7556118965148926, 0.7545257210731506, 0.742577850818634, 0.753077507019043, 0.7516292333602905, 0.7505430579185486, 0.7766111493110657, 0.7603186368942261, 0.7545257210731506, 0.7722664475440979, 0.7780593633651733, 0.7748008966445923, 0.7711803317070007, 0.780593752861023, 0.7863866686820984, 0.7831281423568726, 0.7900072336196899, 0.7838522791862488, 0.7863866686820984, 0.7871108055114746, 0.7954381108283997, 0.7990586757659912, 0.8037654161453247, 0.7910934090614319, 0.8008689284324646, 0.7947139739990234, 0.8102824091911316, 0.8124547600746155, 0.7986965775489807, 0.8026792407035828, 0.8102824091911316, 0.7990586757659912, 0.807748019695282, 0.8153511881828308, 0.8211441040039062, 0.8146271109580994, 0.8200579285621643, 0.8262128829956055, 0.8233164548873901, 0.8211441040039062, 0.8244026303291321, 0.8301954865455627, 0.8222302794456482, 0.839246928691864, 0.8370745778083801, 0.8345401883125305, 0.8428674936294556, 0.8345401883125305, 0.8370745778083801, 0.8425054550170898, 0.8493844866752625, 0.8370745778083801, 0.8399710059165955, 0.844677746295929, 0.8468500971794128, 0.8410571813583374], "loss": [1.460537075996399, 1.2317891120910645, 1.137670874595642, 1.1013325452804565, 1.0452390909194946, 1.0249741077423096, 0.9982995986938477, 0.9657679796218872, 0.9656728506088257, 0.9385274052619934, 0.9369946718215942, 0.9112412929534912, 0.8919707536697388, 0.8727675676345825, 0.8682250380516052, 0.859461784362793, 0.8407611846923828, 0.8489891290664673, 0.8430150747299194, 0.8130713701248169, 0.7945119142532349, 0.7845178842544556, 0.7911025285720825, 0.7783858180046082, 0.7582037448883057, 0.7562530636787415, 0.7458073496818542, 0.7369235754013062, 0.7168760299682617, 0.7157101631164551, 0.703697919845581, 0.6957225799560547, 0.696094810962677, 0.6767497062683105, 0.6758519411087036, 0.6591089963912964, 0.6597705483436584, 0.649621844291687, 0.6557434797286987, 0.6472251415252686, 0.6454105973243713, 0.6324571967124939, 0.5987860560417175, 0.6262811422348022, 0.6262689828872681, 0.595859169960022, 0.5901715159416199, 0.5939429402351379, 0.5806608200073242, 0.5910881161689758, 0.5542889833450317, 0.5675468444824219, 0.556965708732605, 0.5683876276016235, 0.5783252716064453, 0.558189868927002, 0.5340356826782227, 0.540749192237854, 0.5225406885147095, 0.5314286351203918, 0.5301777124404907, 0.5377871990203857, 0.5135152339935303, 0.4975091516971588, 0.513892650604248, 0.5120986700057983, 0.49817782640457153, 0.5155825018882751, 0.49225500226020813, 0.4895985722541809, 0.47186002135276794, 0.47295674681663513, 0.47936615347862244, 0.4718269407749176, 0.46141862869262695, 0.464702844619751, 0.4553140103816986, 0.4537907838821411, 0.46455803513526917, 0.43818041682243347, 0.45065978169441223, 0.44157862663269043, 0.42669641971588135, 0.4374074637889862, 0.4165927469730377, 0.4324783682823181, 0.4125116169452667, 0.4178368151187897, 0.4272988736629486, 0.4000484049320221, 0.4028364419937134, 0.41905108094215393], "val_accuracy": [0.48046308755874634, 0.5224312543869019, 0.5615050792694092, 0.5832127332687378, 0.589001476764679, 0.6049203872680664, 0.5875542759895325, 0.6338639855384827, 0.6410998702049255, 0.6338639855384827, 0.6526772975921631, 0.6584659814834595, 0.6526772975921631, 0.6497828960418701, 0.6468885540962219, 0.6671490669250488, 0.6251809000968933, 0.6497828960418701, 0.6714906096458435, 0.6714906096458435, 0.6772792935371399, 0.6874095797538757, 0.6657018661499023, 0.659913182258606, 0.6859623789787292, 0.6888567209243774, 0.6946454644203186, 0.6816208362579346, 0.6975398063659668, 0.6845151782035828, 0.6888567209243774, 0.6946454644203186, 0.6975398063659668, 0.7163531184196472, 0.7192474603652954, 0.7018813490867615, 0.6874095797538757, 0.6946454644203186, 0.710564374923706, 0.7018813490867615, 0.7076700329780579, 0.7062228918075562, 0.7163531184196472, 0.7076700329780579, 0.7062228918075562, 0.700434148311615, 0.7091172337532043, 0.7076700329780579, 0.7163531184196472, 0.7206946611404419, 0.7018813490867615, 0.6903039216995239, 0.7221418023109436, 0.7018813490867615, 0.7120115756988525, 0.7206946611404419, 0.7149059176445007, 0.7076700329780579, 0.7018813490867615, 0.7120115756988525, 0.7120115756988525, 0.7264833450317383, 0.7192474603652954, 0.6931982636451721, 0.7076700329780579, 0.710564374923706, 0.713458776473999, 0.7163531184196472, 0.7293776869773865, 0.7264833450317383, 0.7264833450317383, 0.710564374923706, 0.7424023151397705, 0.7149059176445007, 0.7293776869773865, 0.7047756910324097, 0.7192474603652954, 0.7264833450317383, 0.7149059176445007, 0.710564374923706, 0.7192474603652954, 0.7279305458068848, 0.7250362038612366, 0.7279305458068848, 0.7366136312484741, 0.7235890030860901, 0.7192474603652954, 0.7076700329780579, 0.7366136312484741, 0.7235890030860901, 0.7293776869773865, 0.7250362038612366], "val_loss": [1.2489033937454224, 1.157133936882019, 1.132663607597351, 1.0788599252700806, 1.0421266555786133, 1.0249590873718262, 1.03158438205719, 0.9575420618057251, 0.9777299165725708, 0.9416703581809998, 0.9337525367736816, 0.9097322821617126, 0.9215181469917297, 0.9302894473075867, 0.9104434251785278, 0.8947451710700989, 0.934398353099823, 0.9150640368461609, 0.8963463306427002, 0.881166398525238, 0.89634108543396, 0.8701881170272827, 0.9262658357620239, 0.9026538133621216, 0.862368643283844, 0.8552843928337097, 0.8482376337051392, 0.8680372834205627, 0.8544020652770996, 0.8586352467536926, 0.8790367841720581, 0.8205887675285339, 0.809262216091156, 0.7911974191665649, 0.8022559881210327, 0.804758608341217, 0.8431013226509094, 0.8179932236671448, 0.7932906150817871, 0.7980524301528931, 0.7855028510093689, 0.797532320022583, 0.7703296542167664, 0.765635073184967, 0.7905860543251038, 0.8026942610740662, 0.8092756271362305, 0.7891183495521545, 0.7673638463020325, 0.7592392563819885, 0.8268337845802307, 0.8265472054481506, 0.8094720244407654, 0.7893590927124023, 0.8077137470245361, 0.7754924893379211, 0.774580180644989, 0.7976889610290527, 0.8534948825836182, 0.8136312961578369, 0.8187958002090454, 0.7365343570709229, 0.776354193687439, 0.8311118483543396, 0.7906099557876587, 0.7606185078620911, 0.8023709058761597, 0.7872543334960938, 0.7868431806564331, 0.7710384726524353, 0.8152088522911072, 0.8217825293540955, 0.7711575627326965, 0.8517582416534424, 0.7944684028625488, 0.829909086227417, 0.8595110177993774, 0.7850552797317505, 0.8497277498245239, 0.8927636742591858, 0.7822503447532654, 0.8140450716018677, 0.8221063613891602, 0.8407887816429138, 0.7974036335945129, 0.8028802871704102, 0.8316048979759216, 0.8764358758926392, 0.8240603804588318, 0.8399302959442139, 0.8170139789581299, 0.8152655959129333]}