{"accuracy": [0.4341057240962982, 0.4934829771518707, 0.523171603679657, 0.5524981617927551, 0.5611875653266907, 0.5858073830604553, 0.604996383190155, 0.6068066358566284, 0.6082549095153809, 0.6372194290161133, 0.6307023763656616, 0.6593048572540283, 0.670166552066803, 0.6643736362457275, 0.6766835451126099, 0.6871832013130188, 0.6889934539794922, 0.6976828575134277, 0.7136133313179016, 0.6994931101799011, 0.7161477208137512, 0.7092686295509338, 0.7208544611930847, 0.7244750261306763, 0.7299058437347412, 0.7302679419517517, 0.7270094156265259, 0.7407675385475159, 0.7404054999351501, 0.7472845911979675, 0.7595945000648499, 0.743664026260376, 0.766835629940033, 0.7461984157562256, 0.7501810193061829, 0.7588703632354736, 0.7646632790565491, 0.7433019280433655, 0.7501810193061829, 0.7748008966445923, 0.7704561948776245, 0.7719044089317322, 0.7671976685523987, 0.7824040651321411, 0.7856625914573669, 0.7827661037445068, 0.7994207143783569, 0.7871108055114746, 0.7958001494407654, 0.8030412793159485, 0.798334538936615, 0.8030412793159485, 0.8146271109580994, 0.7976104021072388, 0.807748019695282, 0.8008689284324646, 0.8182476758956909, 0.825488805770874, 0.7997827529907227, 0.817161500453949, 0.8110065460205078, 0.8099203705787659, 0.8073859810829163, 0.8113685846328735, 0.8142650127410889, 0.8320057988166809, 0.8229543566703796, 0.8294714093208313, 0.829833447933197, 0.8283852338790894, 0.8327299356460571, 0.8377987146377563, 0.8410571813583374, 0.8457639217376709, 0.8356263637542725, 0.8482983112335205, 0.8464880585670471, 0.8454018831253052, 0.8468500971794128, 0.8410571813583374, 0.8526430130004883, 0.8606082797050476, 0.8544532656669617, 0.8584359288215637, 0.8642288446426392, 0.8606082797050476, 0.8479362726211548, 0.8631426692008972, 0.8602461814880371, 0.8645908832550049], "loss": [1.7364262342453003, 1.4332120418548584, 1.355252742767334, 1.291096806526184, 1.1850526332855225, 1.1584949493408203, 1.0946764945983887, 1.0661998987197876, 1.0432204008102417, 0.9898126721382141, 0.987324595451355, 0.9284062385559082, 0.9142511487007141, 0.884056806564331, 0.8569614291191101, 0.8534032702445984, 0.8327272534370422, 0.8162148594856262, 0.7758885622024536, 0.7970807552337646, 0.7775154709815979, 0.759506344795227, 0.750089704990387, 0.736093282699585, 0.7348513007164001, 0.7189936637878418, 0.7050501704216003, 0.708590567111969, 0.6886125206947327, 0.6860232949256897, 0.6679007411003113, 0.6619227528572083, 0.6428272724151611, 0.6793543696403503, 0.6573880314826965, 0.6230347752571106, 0.6363910436630249, 0.7012136578559875, 0.6518517732620239, 0.6015627980232239, 0.6079475283622742, 0.6012468338012695, 0.6274970769882202, 0.5825757384300232, 0.5675992965698242, 0.5834692716598511, 0.5439419746398926, 0.5599743723869324, 0.5469082593917847, 0.5329506993293762, 0.5445446372032166, 0.5501112341880798, 0.5159420967102051, 0.5438269972801208, 0.5178804993629456, 0.5208774209022522, 0.4896765351295471, 0.4840201139450073, 0.5296540260314941, 0.49442437291145325, 0.496801495552063, 0.5068930983543396, 0.5148621797561646, 0.5075187087059021, 0.48517900705337524, 0.46892085671424866, 0.47585442662239075, 0.4555359184741974, 0.45316755771636963, 0.45940208435058594, 0.44441041350364685, 0.43157637119293213, 0.43360909819602966, 0.4293680191040039, 0.43850550055503845, 0.42185845971107483, 0.4192292392253876, 0.42206257581710815, 0.4116968512535095, 0.42703425884246826, 0.4082837402820587, 0.3816019296646118, 0.39439254999160767, 0.38468116521835327, 0.3876078426837921, 0.37301668524742126, 0.38698282837867737, 0.37141579389572144, 0.38357439637184143, 0.3673766255378723], "val_accuracy": [0.24457308650016785, 0.24457308650016785, 0.24457308650016785, 0.24457308650016785, 0.24457308650016785, 0.24891461431980133, 0.31837916374206543, 0.33285093307495117, 0.3965267837047577, 0.45730826258659363, 0.5166425704956055, 0.5672937631607056, 0.568740963935852, 0.6150506734848022, 0.6512300968170166, 0.6425470113754272, 0.6280752420425415, 0.6497828960418701, 0.6468885540962219, 0.6526772975921631, 0.6888567209243774, 0.6628075242042542, 0.6960926055908203, 0.6801736354827881, 0.6903039216995239, 0.6960926055908203, 0.6541244387626648, 0.6685962080955505, 0.6874095797538757, 0.6801736354827881, 0.6772792935371399, 0.6512300968170166, 0.710564374923706, 0.6729377508163452, 0.6743849515914917, 0.6917510628700256, 0.6787264943122864, 0.659913182258606, 0.700434148311615, 0.6801736354827881, 0.7018813490867615, 0.6685962080955505, 0.7120115756988525, 0.6772792935371399, 0.7062228918075562, 0.6729377508163452, 0.7076700329780579, 0.7076700329780579, 0.7018813490867615, 0.6960926055908203, 0.7163531184196472, 0.7018813490867615, 0.7120115756988525, 0.6729377508163452, 0.7091172337532043, 0.7091172337532043, 0.6960926055908203, 0.6758321523666382, 0.7062228918075562, 0.7163531184196472, 0.6859623789787292, 0.6324167847633362, 0.7120115756988525, 0.7149059176445007, 0.7033284902572632, 0.7120115756988525, 0.7062228918075562, 0.7047756910324097, 0.6975398063659668, 0.7120115756988525, 0.6917510628700256, 0.6960926055908203, 0.7062228918075562, 0.7178003191947937, 0.7149059176445007, 0.7076700329780579, 0.7120115756988525, 0.7018813490867615, 0.6946454644203186, 0.7091172337532043, 0.7149059176445007, 0.7149059176445007, 0.7351664304733276, 0.713458776473999, 0.713458776473999, 0.7192474603652954, 0.7380607724189758, 0.7018813490867615, 0.7250362038612366, 0.7163531184196472], "val_loss": [3.559258222579956, 9.476009368896484, 12.942187309265137, 15.742677688598633, 15.73302936553955, 13.830397605895996, 11.546598434448242, 8.538694381713867, 6.761441230773926, 4.829823970794678, 3.739248275756836, 2.869399309158325, 2.425234317779541, 2.240856409072876, 2.1365609169006348, 2.12174391746521, 2.136883020401001, 1.7369072437286377, 1.5004361867904663, 1.597446084022522, 1.3896782398223877, 1.316567063331604, 1.1057103872299194, 1.141191005706787, 1.408514380455017, 1.0236682891845703, 1.1729546785354614, 1.3187365531921387, 1.272948980331421, 1.1952121257781982, 1.2404857873916626, 1.2710018157958984, 0.994860827922821, 1.032586932182312, 1.149662971496582, 0.991570770740509, 1.0708355903625488, 1.1277122497558594, 0.953569233417511, 1.1340991258621216, 0.9678909182548523, 1.0246561765670776, 1.0194741487503052, 1.061484932899475, 0.9355738162994385, 1.0257560014724731, 0.9503076672554016, 1.0502535104751587, 1.028140664100647, 1.053015112876892, 1.0638233423233032, 1.0168499946594238, 1.1146118640899658, 1.2599676847457886, 1.1606757640838623, 1.1429027318954468, 1.0414659976959229, 0.9691715836524963, 1.1370179653167725, 0.8732684850692749, 1.1005178689956665, 1.5801447629928589, 1.1345161199569702, 1.0923470258712769, 1.1987234354019165, 1.2343437671661377, 1.111179232597351, 1.0235668420791626, 1.1428415775299072, 1.0817886590957642, 1.160135269165039, 1.1645045280456543, 1.0511326789855957, 1.0805692672729492, 1.0581097602844238, 1.1242401599884033, 1.0236093997955322, 1.1335265636444092, 1.3036699295043945, 1.1594560146331787, 1.098618507385254, 1.1706639528274536, 1.0895581245422363, 1.1394870281219482, 1.082340955734253, 1.0344475507736206, 0.9832098484039307, 1.1689921617507935, 1.128435730934143, 0.9953086972236633]}