{"accuracy": [0.43193337321281433, 0.5329471230506897, 0.5510499477386475, 0.5666183829307556, 0.5774800777435303, 0.6017378568649292, 0.6259956359863281, 0.6176683306694031, 0.6212888956069946, 0.6462708115577698, 0.6589428186416626, 0.6614772081375122, 0.6687183380126953, 0.6723389029502869, 0.6871832013130188, 0.69333815574646, 0.6929761171340942, 0.7002172470092773, 0.701665461063385, 0.6911658048629761, 0.7103548049926758, 0.7212164998054504, 0.7309920191764832, 0.7295438051223755, 0.7273714542388916, 0.7317161560058594, 0.7382331490516663, 0.7396813631057739, 0.7454742789268494, 0.7375090718269348, 0.7451122403144836, 0.7523533701896667, 0.7664735913276672, 0.7614047527313232, 0.7614047527313232, 0.7635771036148071, 0.7708182334899902, 0.7715423703193665, 0.7773352861404419, 0.7824040651321411, 0.7885590195655823, 0.7907313704490662, 0.7834902405738831, 0.7965242862701416, 0.7954381108283997, 0.8052136301994324, 0.7802317142486572, 0.8019551038742065, 0.7990586757659912, 0.7900072336196899, 0.807748019695282, 0.8167994022369385, 0.8048515319824219, 0.8146271109580994, 0.8167994022369385, 0.8236784934997559, 0.8164373636245728, 0.8233164548873901, 0.8305575847625732, 0.8193337917327881, 0.8106444478034973, 0.8287472724914551, 0.8236784934997559, 0.8301954865455627, 0.8320057988166809, 0.8341781497001648, 0.8327299356460571, 0.8287472724914551, 0.8464880585670471, 0.8414192795753479, 0.8406951427459717, 0.8454018831253052, 0.8461260199546814, 0.8352643251419067, 0.8472121357917786, 0.8406951427459717, 0.8544532656669617, 0.8577117919921875, 0.8544532656669617, 0.8573497533798218, 0.8598841428756714, 0.8678494095802307, 0.862418532371521, 0.8584359288215637, 0.8591600060462952, 0.8703837990760803, 0.8823316693305969, 0.8736422657966614, 0.881245493888855, 0.8674873113632202, 0.8711078763008118, 0.8783490061759949, 0.884503960609436, 0.8790731430053711, 0.8928312659263611, 0.8808833956718445, 0.8769007921218872, 0.8859522342681885, 0.895003616809845, 0.8881245255470276, 0.8863142728805542, 0.8917450904846191, 0.8946415781974792, 0.8823316693305969], "loss": [1.7689381837844849, 1.3327832221984863, 1.2481499910354614, 1.1939131021499634, 1.1246585845947266, 1.084484577178955, 1.0160917043685913, 1.0043728351593018, 1.0015136003494263, 0.9511692523956299, 0.9044771194458008, 0.9372532367706299, 0.8982998132705688, 0.8622960448265076, 0.8445307612419128, 0.8519539833068848, 0.8172060251235962, 0.8144448399543762, 0.7877054214477539, 0.7922964096069336, 0.7707428336143494, 0.7306000590324402, 0.7189754843711853, 0.7352006435394287, 0.7283198237419128, 0.7026403546333313, 0.7073115706443787, 0.688620924949646, 0.6833394169807434, 0.7106924653053284, 0.6716532111167908, 0.6551139950752258, 0.6364488005638123, 0.6479188799858093, 0.6202685236930847, 0.6295965313911438, 0.6067174077033997, 0.6115651726722717, 0.5861052870750427, 0.5910087823867798, 0.5664709210395813, 0.5809969902038574, 0.5764414072036743, 0.5450729727745056, 0.540648877620697, 0.5389829874038696, 0.5652439594268799, 0.5233909487724304, 0.5376080274581909, 0.5484028458595276, 0.5147024989128113, 0.4984995424747467, 0.5184329748153687, 0.5005383491516113, 0.4936278462409973, 0.4723922610282898, 0.4817553460597992, 0.4821977913379669, 0.4682155251502991, 0.4921967685222626, 0.519017219543457, 0.452319473028183, 0.48742157220840454, 0.457259863615036, 0.4534643888473511, 0.4451111853122711, 0.45241227746009827, 0.4484957456588745, 0.4350716769695282, 0.43218693137168884, 0.4191880524158478, 0.409230500459671, 0.4235367774963379, 0.44057324528694153, 0.4216311275959015, 0.42801633477211, 0.40043729543685913, 0.4013063311576843, 0.3926950693130493, 0.37130922079086304, 0.38006091117858887, 0.3752443194389343, 0.36693301796913147, 0.38077619671821594, 0.37044206261634827, 0.35820361971855164, 0.34195592999458313, 0.35782888531684875, 0.3412925601005554, 0.35818856954574585, 0.36960867047309875, 0.33367085456848145, 0.32908952236175537, 0.33724167943000793, 0.3151884078979492, 0.3351128101348877, 0.3213168978691101, 0.31416037678718567, 0.2989709973335266, 0.3215784728527069, 0.32399556040763855, 0.3070478141307831, 0.2994510233402252, 0.3265116512775421], "val_accuracy": [0.24457308650016785, 0.24457308650016785, 0.24457308650016785, 0.24457308650016785, 0.24457308650016785, 0.24457308650016785, 0.24457308650016785, 0.24602025747299194, 0.24746744334697723, 0.2764109969139099, 0.3531114459037781, 0.422575980424881, 0.5007236003875732, 0.5846599340438843, 0.6309695839881897, 0.6107091307640076, 0.6729377508163452, 0.6758321523666382, 0.6931982636451721, 0.6874095797538757, 0.7018813490867615, 0.6946454644203186, 0.6787264943122864, 0.6874095797538757, 0.7033284902572632, 0.7279305458068848, 0.7018813490867615, 0.7047756910324097, 0.7149059176445007, 0.7062228918075562, 0.7033284902572632, 0.7293776869773865, 0.7235890030860901, 0.7192474603652954, 0.7192474603652954, 0.700434148311615, 0.713458776473999, 0.7206946611404419, 0.743849515914917, 0.7047756910324097, 0.7424023151397705, 0.7380607724189758, 0.7293776869773865, 0.7366136312484741, 0.7293776869773865, 0.7221418023109436, 0.7235890030860901, 0.7221418023109436, 0.740955114364624, 0.7235890030860901, 0.7467438578605652, 0.7452966570854187, 0.7206946611404419, 0.7221418023109436, 0.713458776473999, 0.6960926055908203, 0.7322720885276794, 0.7091172337532043, 0.7655571699142456, 0.7337192296981812, 0.7337192296981812, 0.7351664304733276, 0.7192474603652954, 0.7424023151397705, 0.740955114364624, 0.7221418023109436, 0.6989869475364685, 0.7481909990310669, 0.7366136312484741, 0.7496381998062134, 0.7351664304733276, 0.7395079731941223, 0.7554269433021545, 0.7510854005813599, 0.7496381998062134, 0.7424023151397705, 0.7554269433021545, 0.7612156271934509, 0.7568740844726562, 0.7554269433021545, 0.7568740844726562, 0.7684515118598938, 0.7612156271934509, 0.7612156271934509, 0.7539797425270081, 0.7510854005813599, 0.7452966570854187, 0.7395079731941223, 0.7380607724189758, 0.7424023151397705, 0.7510854005813599, 0.7525325417518616, 0.740955114364624, 0.7655571699142456, 0.7698987126350403, 0.7279305458068848, 0.7597684264183044, 0.7756873965263367, 0.7597684264183044, 0.7293776869773865, 0.7641099691390991, 0.7568740844726562, 0.7554269433021545, 0.7510854005813599],