{"accuracy": [0.4406227469444275, 0.5217233896255493, 0.5582910776138306, 0.5763939023017883, 0.6017378568649292, 0.6209268569946289, 0.6357711553573608, 0.637581467628479, 0.6455467343330383, 0.6593048572540283, 0.6748732924461365, 0.6698045134544373, 0.6882693767547607, 0.6955105066299438, 0.6915279030799866, 0.6951484680175781, 0.7089065909385681, 0.7136133313179016, 0.7078204154968262, 0.7273714542388916, 0.7313541173934937, 0.7447502017021179, 0.7447502017021179, 0.7494569420814514, 0.7367849349975586, 0.7458363771438599, 0.7534395456314087, 0.7599565386772156, 0.7556118965148926, 0.7679218053817749, 0.7635771036148071, 0.7624909281730652, 0.7697320580482483, 0.7787835001945496, 0.7809558510780334, 0.7914554476737976, 0.7871108055114746, 0.7947139739990234, 0.7849384546279907, 0.7958001494407654, 0.7914554476737976, 0.7932657599449158, 0.7910934090614319, 0.7990586757659912, 0.7986965775489807, 0.8131788372993469, 0.8052136301994324, 0.821506142616272, 0.8084720969200134, 0.8113685846328735, 0.8128167986869812, 0.8222302794456482, 0.8153511881828308, 0.8189717531204224, 0.8218682408332825, 0.8276610970497131, 0.8320057988166809, 0.8377987146377563, 0.8312816619873047, 0.8388848900794983, 0.8432295322418213, 0.8490224480628967, 0.830919623374939, 0.8479362726211548, 0.8417813181877136, 0.8359884023666382, 0.8511947989463806, 0.8421433568000793, 0.8425054550170898, 0.8381607532501221, 0.8454018831253052, 0.8414192795753479, 0.854091227054596], "loss": [1.72528076171875, 1.3536338806152344, 1.23685622215271, 1.1671948432922363, 1.1178350448608398, 1.0339033603668213, 1.0091073513031006, 0.9930518865585327, 0.9420145750045776, 0.9287872910499573, 0.8879725337028503, 0.8820174336433411, 0.8608230352401733, 0.8365021347999573, 0.8385639190673828, 0.8299119472503662, 0.7958683967590332, 0.774202823638916, 0.7799677848815918, 0.7293493747711182, 0.7226594686508179, 0.7149951457977295, 0.6865134239196777, 0.6746000647544861, 0.7060759663581848, 0.6742838621139526, 0.6757255792617798, 0.6563461422920227, 0.655666708946228, 0.6266521215438843, 0.6437280178070068, 0.6120396256446838, 0.5888243317604065, 0.6144461035728455, 0.593775749206543, 0.571316659450531, 0.5696521401405334, 0.5561887621879578, 0.5842754244804382, 0.548747181892395, 0.5593888759613037, 0.5560007691383362, 0.5468306541442871, 0.5486404895782471, 0.537760317325592, 0.5001028180122375, 0.5372357368469238, 0.5053062438964844, 0.51605623960495, 0.4882078468799591, 0.5060502290725708, 0.49228164553642273, 0.4898609220981598, 0.4816492795944214, 0.48182448744773865, 0.47146108746528625, 0.4528641104698181, 0.4459470808506012, 0.4684041738510132, 0.434848427772522, 0.4304663836956024, 0.40996241569519043, 0.4346471130847931, 0.4104638993740082, 0.42742881178855896, 0.43430355191230774, 0.4224812984466553, 0.4157010018825531, 0.4347468316555023, 0.42954137921333313, 0.41340985894203186, 0.4213704466819763, 0.3917637765407562], "val_accuracy": [0.24457308650016785, 0.299565851688385, 0.24457308650016785, 0.22865413129329681, 0.22865413129329681, 0.23589001595973969, 0.2532561421394348, 0.2503618001937866, 0.27206945419311523, 0.2981186807155609, 0.35890015959739685, 0.4196816086769104, 0.4703328609466553, 0.5180897116661072, 0.586107075214386, 0.5846599340438843, 0.6092619299888611, 0.6353111267089844, 0.6136034727096558, 0.6439942121505737, 0.6657018661499023, 0.6628075242042542, 0.6714906096458435, 0.6787264943122864, 0.6671490669250488, 0.6801736354827881, 0.6714906096458435, 0.683068037033081, 0.6874095797538757, 0.6657018661499023, 0.6874095797538757, 0.6613603234291077, 0.6628075242042542, 0.700434148311615, 0.713458776473999, 0.6989869475364685, 0.6801736354827881, 0.6903039216995239, 0.6657018661499023, 0.670043408870697, 0.6946454644203186, 0.6801736354827881, 0.7047756910324097, 0.6512300968170166, 0.6657018661499023, 0.6960926055908203, 0.6729377508163452, 0.7221418023109436, 0.6512300968170166, 0.6845151782035828, 0.6743849515914917, 0.6743849515914917, 0.6946454644203186, 0.6975398063659668, 0.7033284902572632, 0.7091172337532043, 0.7047756910324097, 0.6975398063659668, 0.7149059176445007, 0.7076700329780579, 0.7033284902572632, 0.7221418023109436, 0.713458776473999, 0.6859623789787292, 0.7047756910324097, 0.7424023151397705, 0.6960926055908203, 0.6975398063659668, 0.6989869475364685, 0.6816208362579346, 0.713458776473999, 0.6888567209243774, 0.6382055282592773], "val_loss": [3.5101232528686523, 6.247082233428955, 9.644546508789062, 12.751729965209961, 16.50727081298828, 12.540302276611328, 10.651196479797363, 8.620453834533691, 7.1164631843566895, 5.658497333526611, 4.351053237915039, 3.513978958129883, 3.4524190425872803, 3.4140737056732178, 2.484604597091675, 1.9463740587234497, 2.139263153076172, 1.5535852909088135, 1.5536303520202637, 1.556264877319336, 1.2754539251327515, 1.523666501045227, 1.4153836965560913, 1.385837197303772, 1.2112058401107788, 1.0972861051559448, 1.1013884544372559, 1.203511118888855, 1.219995141029358, 1.1631723642349243, 1.2580305337905884, 1.1695172786712646, 1.1451162099838257, 1.0424495935440063, 0.956779420375824, 1.0857586860656738, 0.9955980777740479, 0.9716542363166809, 1.05681574344635, 1.0505526065826416, 0.9827171564102173, 1.0148948431015015, 0.9417149424552917, 1.132383108139038, 1.1035187244415283, 1.1196340322494507, 1.2397701740264893, 1.1766241788864136, 1.585409164428711, 1.572279930114746, 1.5186573266983032, 1.6244395971298218, 1.4029541015625, 1.6446119546890259, 1.5467228889465332, 1.5097814798355103, 1.4910085201263428, 1.55916166305542, 1.7132307291030884, 1.5793336629867554, 1.6567202806472778, 1.6250444650650024, 1.6258540153503418, 1.5605347156524658, 1.4784775972366333, 1.3410083055496216, 1.5358359813690186, 1.472190260887146, 1.604190468788147, 1.618080735206604, 1.6803432703018188, 1.7415580749511719, 1.9021787643432617]}