{"accuracy": [0.5227338671684265, 0.6944685578346252, 0.7280625700950623, 0.7509412169456482, 0.7746886610984802, 0.7842456102371216, 0.7906168699264526, 0.8033593893051147, 0.8065450191497803, 0.8224732279777527, 0.8340573310852051, 0.8320301175117493, 0.838690996170044, 0.8328989148139954, 0.8404285907745361, 0.8491166830062866, 0.8540399670600891, 0.856935977935791, 0.8633072972297668, 0.8604112267494202, 0.8638864755630493, 0.8676513433456421, 0.8757601976394653, 0.8722849488258362, 0.8864755034446716, 0.8806834816932678, 0.887923538684845, 0.8783666491508484, 0.8838691115379333, 0.8908195495605469, 0.8882131576538086, 0.8908195495605469, 0.8940052390098572, 0.901534914970398, 0.8995077013969421, 0.9058789610862732, 0.9055893421173096, 0.9035621285438538, 0.9038517475128174, 0.9064581394195557, 0.9189110994338989, 0.9108021855354309, 0.919779896736145, 0.9084853529930115, 0.9154358506202698, 0.9151462316513062, 0.9194902777671814, 0.9177526831626892, 0.9241239428520203, 0.9194902777671814, 0.9244135618209839, 0.9287576079368591, 0.9267303943634033, 0.927888810634613, 0.9325224161148071, 0.9339704513549805, 0.9304952025413513, 0.9264407753944397, 0.9241239428520203, 0.9351288676261902, 0.9412105679512024, 0.9368665218353271], "loss": [1.1919186115264893, 0.8558740019798279, 0.7470099329948425, 0.6888417601585388, 0.6484003663063049, 0.6082164645195007, 0.5872779488563538, 0.5449434518814087, 0.54267418384552, 0.5075609683990479, 0.48932918906211853, 0.46817177534103394, 0.46596577763557434, 0.45792198181152344, 0.4562126398086548, 0.4413203001022339, 0.4207856059074402, 0.40905797481536865, 0.39449217915534973, 0.3950147330760956, 0.3842979669570923, 0.3704093098640442, 0.35795339941978455, 0.3521105945110321, 0.3368791937828064, 0.34312766790390015, 0.3278774619102478, 0.34178486466407776, 0.3355976939201355, 0.3223908543586731, 0.3145197927951813, 0.30692020058631897, 0.3066919147968292, 0.2870778441429138, 0.28892073035240173, 0.2713945508003235, 0.28078708052635193, 0.26650840044021606, 0.27926334738731384, 0.26716530323028564, 0.24136537313461304, 0.261716365814209, 0.2511824071407318, 0.2604367136955261, 0.2535059452056885, 0.24173519015312195, 0.24105656147003174, 0.23701663315296173, 0.22856421768665314, 0.22883835434913635, 0.22423550486564636, 0.21710216999053955, 0.21867302060127258, 0.21044573187828064, 0.20056818425655365, 0.20187589526176453, 0.21431051194667816, 0.21236471831798553, 0.204956516623497, 0.1994495689868927, 0.18731436133384705, 0.19022013247013092], "val_accuracy": [0.6979166865348816, 0.7754629850387573, 0.7881944179534912, 0.8009259104728699, 0.7962962985038757, 0.7858796119689941, 0.8206018805503845, 0.8206018805503845, 0.8182870149612427, 0.8125, 0.8206018805503845, 0.8333333134651184, 0.8252314925193787, 0.8344907164573669, 0.8217592835426331, 0.8275462985038757, 0.8206018805503845, 0.8263888955116272, 0.8240740895271301, 0.8321759104728699, 0.8287037014961243, 0.8379629850387573, 0.8449074029922485, 0.8391203880310059, 0.8310185074806213, 0.8391203880310059, 0.8391203880310059, 0.8402777910232544, 0.8321759104728699, 0.8263888955116272, 0.8379629850387573, 0.8391203880310059, 0.8252314925193787, 0.8240740895271301, 0.8425925970077515, 0.8263888955116272, 0.8298611044883728, 0.8333333134651184, 0.8414351940155029, 0.8425925970077515, 0.8275462985038757, 0.8483796119689941, 0.8391203880310059, 0.8391203880310059, 0.8460648059844971, 0.8333333134651184, 0.8240740895271301, 0.8368055820465088, 0.8171296119689941, 0.84375, 0.8263888955116272, 0.8368055820465088, 0.8449074029922485, 0.8356481194496155, 0.8460648059844971, 0.8379629850387573, 0.8206018805503845, 0.8333333134651184, 0.8182870149612427, 0.8356481194496155, 0.8344907164573669, 0.8217592835426331], "val_loss": [0.8635375499725342, 0.7053884863853455, 0.6554880738258362, 0.6313629150390625, 0.6074398159980774, 0.6083804368972778, 0.5376563668251038, 0.5506200194358826, 0.5413622260093689, 0.5279261469841003, 0.49997177720069885, 0.4896446168422699, 0.4971723258495331, 0.48849594593048096, 0.5149168968200684, 0.5016263723373413, 0.5390114188194275, 0.5091807246208191, 0.5040573477745056, 0.4825282692909241, 0.5252184867858887, 0.4766855835914612, 0.47325968742370605, 0.47356560826301575, 0.504575788974762, 0.4782267212867737, 0.48344361782073975, 0.4873114228248596, 0.49557986855506897, 0.5118594169616699, 0.4864794909954071, 0.46975916624069214, 0.4928409159183502, 0.5229551792144775, 0.47709396481513977, 0.4892541170120239, 0.5025553703308105, 0.49639153480529785, 0.49564462900161743, 0.4968523681163788, 0.5091763138771057, 0.47318369150161743, 0.49336332082748413, 0.48877766728401184, 0.48017823696136475, 0.5021072626113892, 0.5163081884384155, 0.5110529661178589, 0.5513918399810791, 0.5056583881378174, 0.5481516122817993, 0.507370114326477, 0.4946058690547943, 0.4969528615474701, 0.5047991275787354, 0.5135467052459717, 0.5570583343505859, 0.5274003148078918, 0.5471096634864807, 0.5254018306732178, 0.5343035459518433, 0.5234708189964294]}