{"accuracy": [0.47248369455337524, 0.6560463309288025, 0.7063722014427185, 0.7320781946182251, 0.7588703632354736, 0.7755249738693237, 0.775162935256958, 0.7842143177986145, 0.807748019695282, 0.8124547600746155, 0.8088341951370239, 0.8312816619873047, 0.8124547600746155, 0.8236784934997559, 0.8432295322418213, 0.8262128829956055, 0.8479362726211548, 0.8493844866752625, 0.8490224480628967, 0.8573497533798218, 0.8515568375587463, 0.862418532371521, 0.8685734868049622, 0.8758146166801453, 0.8743664026260376, 0.8664011359214783, 0.8776249289512634, 0.885590136051178, 0.881245493888855, 0.8816075325012207, 0.885590136051178, 0.8866763114929199, 0.8863142728805542, 0.8997103571891785, 0.9036929607391357, 0.8979000449180603, 0.9040550589561462, 0.9047791361808777, 0.9123823046684265, 0.9069514870643616, 0.9123823046684265, 0.9083997011184692, 0.9152787923812866, 0.9196234345436096, 0.9225199222564697, 0.9174511432647705, 0.9149167537689209, 0.9214337468147278, 0.9203475713729858, 0.9199855327606201, 0.9232439994812012, 0.9199855327606201, 0.9196234345436096], "loss": [1.3197107315063477, 0.9356738328933716, 0.8183751106262207, 0.7486863732337952, 0.6892848014831543, 0.6458070874214172, 0.6138951778411865, 0.5828563570976257, 0.5557560920715332, 0.5473652482032776, 0.5351129174232483, 0.4975036084651947, 0.5068742036819458, 0.4958108961582184, 0.46021395921707153, 0.47859987616539, 0.4335102140903473, 0.4216527044773102, 0.4271129369735718, 0.40207013487815857, 0.4253116250038147, 0.3839551508426666, 0.38179850578308105, 0.35348010063171387, 0.35962945222854614, 0.37065422534942627, 0.34494268894195557, 0.3420667052268982, 0.3526473343372345, 0.32768362760543823, 0.32607313990592957, 0.32077163457870483, 0.3232739567756653, 0.30969247221946716, 0.2828451693058014, 0.2953524589538574, 0.2881929278373718, 0.28574174642562866, 0.2724302113056183, 0.2748914361000061, 0.26069772243499756, 0.28036820888519287, 0.24542561173439026, 0.24499204754829407, 0.24390722811222076, 0.24510259926319122, 0.2387581318616867, 0.23541688919067383, 0.23569758236408234, 0.23354873061180115, 0.23107250034809113, 0.2337121218442917, 0.23334115743637085], "val_accuracy": [0.6483357548713684, 0.7481909990310669, 0.7539797425270081, 0.7800289392471313, 0.7727930545806885, 0.7814761400222778, 0.774240255355835, 0.7756873965263367, 0.7887120246887207, 0.7973950505256653, 0.7945007085800171, 0.7901591658592224, 0.8118668794631958, 0.8002894520759583, 0.8075253367424011, 0.8162084221839905, 0.8133140206336975, 0.8133140206336975, 0.8104196786880493, 0.814761221408844, 0.8191027641296387, 0.8219971060752869, 0.8191027641296387, 0.8162084221839905, 0.8191027641296387, 0.8191027641296387, 0.8176555633544922, 0.8321273326873779, 0.8234443068504333, 0.8248914480209351, 0.8162084221839905, 0.8248914480209351, 0.8234443068504333, 0.8321273326873779, 0.8191027641296387, 0.8205499053001404, 0.8176555633544922, 0.8306801915168762, 0.8335745334625244, 0.8292329907417297, 0.8335745334625244, 0.8263386487960815, 0.8248914480209351, 0.8321273326873779, 0.8234443068504333, 0.8219971060752869, 0.8205499053001404, 0.8191027641296387, 0.8089724779129028, 0.8205499053001404, 0.8176555633544922, 0.8335745334625244, 0.8306801915168762], "val_loss": [0.9535322189331055, 0.753963828086853, 0.71291583776474, 0.6444486975669861, 0.6157535314559937, 0.5986290574073792, 0.6063166260719299, 0.6174229979515076, 0.575091540813446, 0.5475936532020569, 0.5453850030899048, 0.5811290740966797, 0.5144457817077637, 0.5198609232902527, 0.5255715847015381, 0.5029638409614563, 0.5086436867713928, 0.5078850388526917, 0.5175913572311401, 0.5403246879577637, 0.5115074515342712, 0.4896019995212555, 0.47342100739479065, 0.5139790773391724, 0.48804566264152527, 0.5115089416503906, 0.49445196986198425, 0.48496702313423157, 0.4802231192588806, 0.4854360520839691, 0.5091168880462646, 0.519609272480011, 0.5130114555358887, 0.4741009473800659, 0.5065026879310608, 0.4947735071182251, 0.5288561582565308, 0.47939467430114746, 0.5013272166252136, 0.4876578152179718, 0.4850619435310364, 0.4805358946323395, 0.5248433351516724, 0.49386319518089294, 0.4943426251411438, 0.5173163414001465, 0.4826190769672394, 0.5064263939857483, 0.5566171407699585, 0.5094589591026306, 0.5172855257987976, 0.5208424925804138, 0.5222904086112976]}