{"accuracy": [0.4914567172527313, 0.6660874485969543, 0.7048943042755127, 0.7286417484283447, 0.7538372278213501, 0.7662901878356934, 0.7778742909431458, 0.787720799446106, 0.7923544645309448, 0.8053866028785706, 0.8152331113815308, 0.8146539330482483, 0.8221836090087891, 0.8204460144042969, 0.8317404985427856, 0.8439038395881653, 0.8404285907745361, 0.8326092958450317, 0.8476687073707581, 0.8427454233169556, 0.8508543372154236, 0.8682305216789246, 0.8607008457183838, 0.8685201406478882, 0.8583840131759644, 0.8690993189811707, 0.8708369731903076, 0.8740226030349731, 0.8740226030349731, 0.8838691115379333, 0.878656268119812, 0.8827106952667236, 0.8766289949417114, 0.8861859440803528, 0.8876339197158813, 0.894294798374176, 0.8890819549560547, 0.8951636552810669, 0.8963220119476318, 0.8992180824279785, 0.8928468227386475, 0.9003764986991882, 0.8983492851257324, 0.9047205448150635, 0.9050101637840271, 0.9032725095748901, 0.907906174659729, 0.9183318614959717, 0.9084853529930115, 0.9044309258460999, 0.9151462316513062, 0.9081957936286926, 0.9105126261711121, 0.9192007184028625, 0.913408637046814, 0.9218071103096008, 0.9154358506202698, 0.9258615970611572], "loss": [1.294782042503357, 0.9274137616157532, 0.8285531997680664, 0.7616497278213501, 0.7048307061195374, 0.6510502696037292, 0.6302333474159241, 0.6053327322006226, 0.5828730463981628, 0.5498451590538025, 0.5208984613418579, 0.5211387276649475, 0.5130893588066101, 0.5000479221343994, 0.4809477925300598, 0.4640960693359375, 0.4585960805416107, 0.45623183250427246, 0.43644291162490845, 0.42877480387687683, 0.412675678730011, 0.3930942714214325, 0.4019112288951874, 0.391158789396286, 0.3903616666793823, 0.3738808333873749, 0.3843114674091339, 0.3643229901790619, 0.35856354236602783, 0.34506991505622864, 0.3389185070991516, 0.34421685338020325, 0.3411579132080078, 0.3303173780441284, 0.3205965757369995, 0.3147684633731842, 0.31044188141822815, 0.30203938484191895, 0.3036936819553375, 0.29414102435112, 0.30329814553260803, 0.2851089537143707, 0.28742533922195435, 0.27500119805336, 0.280682772397995, 0.2849394977092743, 0.27594998478889465, 0.2565690577030182, 0.2615230977535248, 0.25959715247154236, 0.2513263523578644, 0.2646210789680481, 0.2500084936618805, 0.24551931023597717, 0.24180135130882263, 0.24131543934345245, 0.24725943803787231, 0.23025459051132202], "val_accuracy": [0.6724537014961243, 0.7372685074806213, 0.7268518805503845, 0.7465277910232544, 0.7800925970077515, 0.7685185074806213, 0.7847222089767456, 0.7893518805503845, 0.78125, 0.7893518805503845, 0.7870370149612427, 0.8067129850387573, 0.7928240895271301, 0.8020833134651184, 0.8159722089767456, 0.8032407164573669, 0.8032407164573669, 0.8125, 0.8009259104728699, 0.8148148059844971, 0.8090277910232544, 0.8171296119689941, 0.8171296119689941, 0.8148148059844971, 0.8194444179534912, 0.8252314925193787, 0.8171296119689941, 0.8113425970077515, 0.8159722089767456, 0.8217592835426331, 0.8159722089767456, 0.8101851940155029, 0.8240740895271301, 0.8206018805503845, 0.8194444179534912, 0.8240740895271301, 0.8206018805503845, 0.8194444179534912, 0.8159722089767456, 0.8287037014961243, 0.8240740895271301, 0.8206018805503845, 0.8206018805503845, 0.8182870149612427, 0.8275462985038757, 0.8263888955116272, 0.8252314925193787, 0.8136574029922485, 0.8194444179534912, 0.8171296119689941, 0.8171296119689941, 0.8275462985038757, 0.8182870149612427, 0.8148148059844971, 0.8171296119689941, 0.8182870149612427, 0.8194444179534912, 0.8252314925193787], "val_loss": [0.9499881863594055, 0.759993314743042, 0.7242857813835144, 0.6824600696563721, 0.6195721626281738, 0.6275337338447571, 0.5916916131973267, 0.5918177366256714, 0.5832298398017883, 0.568868100643158, 0.5723710656166077, 0.5324311852455139, 0.609799325466156, 0.5253588557243347, 0.5338204503059387, 0.561402440071106, 0.5450021028518677, 0.5233842134475708, 0.5235229730606079, 0.5285214185714722, 0.5432778000831604, 0.5219305753707886, 0.5170919895172119, 0.5013896822929382, 0.49139150977134705, 0.5003382563591003, 0.4937935173511505, 0.48992401361465454, 0.5338843464851379, 0.4945846199989319, 0.5082099437713623, 0.528717577457428, 0.5111687779426575, 0.503502607345581, 0.5118564963340759, 0.5172553062438965, 0.49616140127182007, 0.4991414546966553, 0.5147286653518677, 0.4946548044681549, 0.5218008160591125, 0.5132194757461548, 0.5093167424201965, 0.5068978071212769, 0.5095705986022949, 0.5165807008743286, 0.4973255395889282, 0.519623875617981, 0.5229630470275879, 0.5117490291595459, 0.5169110298156738, 0.4934166669845581, 0.5390406847000122, 0.5232326984405518, 0.5400165915489197, 0.5258241295814514, 0.5195825099945068, 0.5224798917770386]}