{"accuracy": [0.5134665369987488, 0.678250789642334, 0.718216061592102, 0.7439907193183899, 0.7657109498977661, 0.7772951126098633, 0.7935128808021545, 0.7926440834999084, 0.8166811466217041, 0.8117578625679016, 0.8163915276527405, 0.8282652497291565, 0.8253692388534546, 0.8363741636276245, 0.8447726368904114, 0.8502750992774963, 0.8485375046730042, 0.851433515548706, 0.8470894694328308, 0.8615696430206299, 0.8644656538963318, 0.8725745677947998, 0.8659136891365051, 0.8751810193061829, 0.8763394355773926, 0.8734433650970459, 0.8821314573287964, 0.8818418979644775, 0.8737329840660095, 0.8830003142356873, 0.8893715739250183, 0.8919779658317566, 0.8858963251113892, 0.8928468227386475, 0.8922675848007202, 0.8957428336143494, 0.8977700471878052, 0.899797260761261, 0.901534914970398, 0.9131190180778503, 0.9067477583885193, 0.9090645909309387, 0.9050101637840271, 0.9122502207756042, 0.9136982560157776, 0.9151462316513062, 0.9180423021316528, 0.9177526831626892, 0.9203591346740723, 0.9189110994338989, 0.9232551455497742, 0.9206486940383911, 0.9192007184028625], "loss": [1.2321934700012207, 0.8892675638198853, 0.7783576250076294, 0.710873007774353, 0.6708618998527527, 0.6400483846664429, 0.5940616130828857, 0.5826254487037659, 0.5305145978927612, 0.5415238738059998, 0.49838361144065857, 0.49697792530059814, 0.4768798053264618, 0.4723654091358185, 0.45637786388397217, 0.4294407069683075, 0.43034327030181885, 0.4213101863861084, 0.42901894450187683, 0.40130776166915894, 0.38282454013824463, 0.37794050574302673, 0.3784695267677307, 0.34975966811180115, 0.3527911603450775, 0.35656946897506714, 0.34456518292427063, 0.33594396710395813, 0.33628514409065247, 0.33191075921058655, 0.3143021762371063, 0.2999389171600342, 0.31886762380599976, 0.3068125545978546, 0.3057265877723694, 0.28611722588539124, 0.2878491282463074, 0.2906741201877594, 0.2862515449523926, 0.2619268000125885, 0.2627981901168823, 0.27115169167518616, 0.2621556520462036, 0.2561548352241516, 0.26033642888069153, 0.2490549236536026, 0.23869358003139496, 0.2438487410545349, 0.22734864056110382, 0.23582668602466583, 0.23443859815597534, 0.22545020282268524, 0.22738249599933624], "val_accuracy": [0.6898148059844971, 0.7199074029922485, 0.7314814925193787, 0.7488425970077515, 0.7615740895271301, 0.7893518805503845, 0.7997685074806213, 0.8009259104728699, 0.7881944179534912, 0.8055555820465088, 0.7870370149612427, 0.8217592835426331, 0.8194444179534912, 0.8182870149612427, 0.8067129850387573, 0.8125, 0.8182870149612427, 0.7997685074806213, 0.8206018805503845, 0.8090277910232544, 0.8275462985038757, 0.8240740895271301, 0.8472222089767456, 0.8252314925193787, 0.8287037014961243, 0.8101851940155029, 0.8229166865348816, 0.8240740895271301, 0.8333333134651184, 0.8263888955116272, 0.8263888955116272, 0.8217592835426331, 0.8229166865348816, 0.8275462985038757, 0.8171296119689941, 0.8298611044883728, 0.8263888955116272, 0.8344907164573669, 0.8217592835426331, 0.8275462985038757, 0.8356481194496155, 0.8275462985038757, 0.8171296119689941, 0.8229166865348816, 0.8275462985038757, 0.8263888955116272, 0.8333333134651184, 0.8240740895271301, 0.8217592835426331, 0.8252314925193787, 0.8298611044883728, 0.8263888955116272, 0.8287037014961243], "val_loss": [0.8308497071266174, 0.740218997001648, 0.6750606894493103, 0.641709566116333, 0.6199135780334473, 0.584094226360321, 0.5340231657028198, 0.5110771059989929, 0.5232611298561096, 0.5044736266136169, 0.535606861114502, 0.4780122637748718, 0.47764351963996887, 0.47872230410575867, 0.476126492023468, 0.4867852032184601, 0.45499929785728455, 0.5157949924468994, 0.4534832239151001, 0.48601776361465454, 0.44708383083343506, 0.46987250447273254, 0.4366905689239502, 0.44217485189437866, 0.4458277225494385, 0.4734024405479431, 0.44680869579315186, 0.4460797607898712, 0.44393908977508545, 0.4608307480812073, 0.4428044855594635, 0.4491816759109497, 0.4506940245628357, 0.4604948163032532, 0.4653206169605255, 0.44141191244125366, 0.45122915506362915, 0.45381084084510803, 0.45752233266830444, 0.45767611265182495, 0.44880804419517517, 0.43953171372413635, 0.48008087277412415, 0.4545818567276001, 0.4462329149246216, 0.4627273380756378, 0.44519200921058655, 0.4707289934158325, 0.4585306942462921, 0.4510238468647003, 0.44657549262046814, 0.4595220983028412, 0.4519542157649994]}