{"accuracy": [0.4862418472766876, 0.6556842923164368, 0.6991310715675354, 0.7273714542388916, 0.7483707666397095, 0.7566980719566345, 0.7809558510780334, 0.7834902405738831, 0.7896451950073242, 0.8070238828659058, 0.812092661857605, 0.8157132267951965, 0.8225923180580139, 0.8276610970497131, 0.8359884023666382, 0.8374366164207458, 0.8410571813583374, 0.8352643251419067, 0.8548153638839722, 0.8548153638839722, 0.8591600060462952, 0.8606082797050476, 0.8645908832550049, 0.8656770586967468, 0.8703837990760803, 0.8747284412384033, 0.8772628307342529, 0.8877624869346619, 0.8805213570594788, 0.881245493888855, 0.8881245255470276, 0.8989862203598022, 0.8968139290809631, 0.8986241817474365, 0.8928312659263611, 0.8953656554222107, 0.8979000449180603, 0.9036929607391357, 0.8964518308639526, 0.913830578327179, 0.9011585712432861, 0.9026067852973938, 0.9047791361808777, 0.918175220489502, 0.9105720520019531, 0.9192613959312439, 0.9174511432647705, 0.9141926169395447, 0.90333092212677, 0.918175220489502, 0.912744402885437, 0.9243301749229431, 0.9228819608688354, 0.9312092661857605, 0.9290369153022766, 0.9210717082023621, 0.9272266626358032, 0.9272266626358032, 0.9293990135192871, 0.9351918697357178, 0.9297610521316528, 0.9254163503646851, 0.9388124346733093, 0.9380883574485779, 0.9413468241691589, 0.9286748766899109, 0.9460535645484924, 0.9406227469444275, 0.9391745328903198, 0.9370021820068359, 0.9398986101150513, 0.9380883574485779, 0.9409847855567932, 0.9413468241691589, 0.9438812732696533, 0.9293990135192871, 0.9438812732696533, 0.9420709609985352, 0.9456915259361267, 0.9398986101150513, 0.9449673891067505, 0.9413468241691589, 0.949674129486084, 0.9503982663154602], "loss": [1.2807050943374634, 0.9261760115623474, 0.8180349469184875, 0.7331080436706543, 0.7056012153625488, 0.6654238104820251, 0.6093518137931824, 0.589279055595398, 0.575700044631958, 0.5491576194763184, 0.5337062478065491, 0.516909122467041, 0.5048706531524658, 0.4967133700847626, 0.4683685302734375, 0.44547978043556213, 0.44758400321006775, 0.4484836757183075, 0.42309489846229553, 0.4159708619117737, 0.396433025598526, 0.3935665190219879, 0.40114545822143555, 0.3844475746154785, 0.3653205931186676, 0.3509306013584137, 0.3474944531917572, 0.3336048126220703, 0.3403834402561188, 0.33968403935432434, 0.3308119773864746, 0.3042406439781189, 0.2922394871711731, 0.30962011218070984, 0.3113514482975006, 0.2956405580043793, 0.2887062430381775, 0.2908647060394287, 0.29741042852401733, 0.26429757475852966, 0.2766745388507843, 0.28627368807792664, 0.26903581619262695, 0.25299394130706787, 0.24887803196907043, 0.24049778282642365, 0.24606038630008698, 0.24478104710578918, 0.259111613035202, 0.24551008641719818, 0.2460072636604309, 0.23030105233192444, 0.22288401424884796, 0.2164846509695053, 0.2203703224658966, 0.2271576225757599, 0.22257663309574127, 0.218237042427063, 0.21828186511993408, 0.20891913771629333, 0.2035059779882431, 0.20722061395645142, 0.1963227242231369, 0.19423629343509674, 0.19308584928512573, 0.20490038394927979, 0.1733604520559311, 0.18922628462314606, 0.18872390687465668, 0.1822299361228943, 0.18752457201480865, 0.1841408759355545, 0.17898283898830414, 0.18214206397533417, 0.1637105792760849, 0.20334580540657043, 0.1702980250120163, 0.16854193806648254, 0.1632838249206543, 0.16976016759872437, 0.16144129633903503, 0.17324844002723694, 0.1566183716058731, 0.15764181315898895], "val_accuracy": [0.7120115756988525, 0.7568740844726562, 0.7756873965263367, 0.7959479093551636, 0.8133140206336975, 0.8104196786880493, 0.8162084221839905, 0.8234443068504333, 0.8176555633544922, 0.8335745334625244, 0.8350217342376709, 0.814761221408844, 0.8321273326873779, 0.8306801915168762, 0.8248914480209351, 0.8422576189041138, 0.8379160761833191, 0.8335745334625244, 0.8610709309577942, 0.8480463027954102, 0.8393632173538208, 0.8437047600746155, 0.8306801915168762, 0.8523878455162048, 0.8567293882369995, 0.8523878455162048, 0.8379160761833191, 0.8335745334625244, 0.8263386487960815, 0.8509406447410583, 0.8408104181289673, 0.8596237301826477, 0.8509406447410583, 0.8523878455162048, 0.8494935035705566, 0.8538350462913513, 0.8350217342376709, 0.8509406447410583, 0.8509406447410583, 0.8523878455162048, 0.8567293882369995, 0.8437047600746155, 0.8567293882369995, 0.8437047600746155, 0.8523878455162048, 0.8567293882369995, 0.8567293882369995, 0.8465991020202637, 0.845151960849762, 0.8683068156242371, 0.8379160761833191, 0.8538350462913513, 0.8625180721282959, 0.8668596148490906, 0.8654124736785889, 0.8437047600746155, 0.8654124736785889, 0.8625180721282959, 0.8523878455162048, 0.8538350462913513, 0.8610709309577942, 0.8596237301826477, 0.8654124736785889, 0.8538350462913513, 0.8596237301826477, 0.8639652729034424, 0.8654124736785889, 0.8437047600746155, 0.8639652729034424, 0.845151960849762, 0.8581765294075012, 0.8567293882369995, 0.8596237301826477, 0.8581765294075012, 0.845151960849762, 0.8422576189041138, 0.8581765294075012, 0.8480463027954102, 0.8523878455162048, 0.8654124736785889, 0.8422576189041138, 0.8335745334625244, 0.8697539567947388, 0.8567293882369995], "val_loss": [0.867918848991394, 0.7064101099967957, 0.6541640162467957, 0.6028929352760315, 0.5736635327339172, 0.5745076537132263, 0.5546579360961914, 0.5428451895713806, 0.5410141348838806, 0.4911898374557495, 0.49459269642829895, 0.5201907753944397, 0.4911574125289917, 0.49251922965049744, 0.5080742239952087, 0.4880896508693695, 0.4709892272949219, 0.46530240774154663, 0.4403288662433624, 0.45906180143356323, 0.47876405715942383, 0.4849075675010681, 0.46334588527679443, 0.4479655921459198, 0.4416569769382477, 0.4731501340866089, 0.4666196405887604, 0.47471827268600464, 0.4814026355743408, 0.4573862850666046, 0.4604637920856476, 0.4316146671772003, 0.45793449878692627, 0.4547918438911438, 0.45000624656677246, 0.43013790249824524, 0.4450845718383789, 0.41497525572776794, 0.43154770135879517, 0.42502108216285706, 0.4129544496536255, 0.44304484128952026, 0.42852911353111267, 0.43769678473472595, 0.4368867874145508, 0.4421183466911316, 0.41560396552085876, 0.43805062770843506, 0.4332864582538605, 0.40953508019447327, 0.4607039988040924, 0.42519232630729675, 0.4287869930267334, 0.40463706851005554, 0.42987167835235596, 0.468493789434433, 0.4072975814342499, 0.41035887598991394, 0.4165381193161011, 0.42134466767311096, 0.42076510190963745, 0.4291869103908539, 0.41084250807762146, 0.45603635907173157, 0.4316788613796234, 0.42567020654678345, 0.43673551082611084, 0.46395525336265564, 0.4241836369037628, 0.4620318114757538, 0.4477035701274872, 0.4265260696411133, 0.43945667147636414, 0.4340929388999939, 0.4613219201564789, 0.48900824785232544, 0.437715619802475, 0.4805378317832947, 0.47662314772605896, 0.4242778420448303, 0.4901431202888489, 0.48709315061569214, 0.42006394267082214, 0.4434078633785248]}