{"accuracy": [0.4572773277759552, 0.646994948387146, 0.7244750261306763, 0.7389572858810425, 0.757422149181366, 0.7697320580482483, 0.7892831563949585, 0.8048515319824219, 0.807748019695282, 0.8142650127410889, 0.8146271109580994, 0.8287472724914551, 0.8280231952667236, 0.8283852338790894, 0.8316437602043152, 0.8479362726211548, 0.8461260199546814, 0.8533671498298645, 0.8526430130004883, 0.8616943955421448, 0.856987714767456, 0.8649529218673706, 0.8747284412384033, 0.8750905394554138, 0.8754525780677795, 0.8819695711135864, 0.8848660588264465, 0.8834177851676941, 0.8906589150428772, 0.8859522342681885, 0.8852280974388123, 0.893917441368103, 0.8979000449180603, 0.9080376625061035, 0.9022447466850281, 0.8979000449180603, 0.9062273502349854, 0.8975380063056946, 0.9055032730102539, 0.8997103571891785, 0.9065894484519958, 0.9131064414978027, 0.91708904504776, 0.9062273502349854, 0.9167270064353943, 0.9083997011184692, 0.918175220489502, 0.9178131818771362, 0.9312092661857605, 0.9217957854270935, 0.9203475713729858, 0.9257784485816956, 0.9322954416275024, 0.9214337468147278, 0.9196234345436096, 0.9312092661857605, 0.9301230907440186, 0.9283128380775452, 0.9290369153022766, 0.9333816170692444, 0.9362780451774597, 0.9380883574485779, 0.9304851293563843, 0.9406227469444275, 0.9290369153022766, 0.927588701248169, 0.9362780451774597, 0.9413468241691589, 0.9449673891067505, 0.9471397399902344, 0.935916006565094], "loss": [1.3412407636642456, 0.93202805519104, 0.7828722596168518, 0.7353835701942444, 0.6808122396469116, 0.6442400217056274, 0.6081494092941284, 0.5840616822242737, 0.5522292256355286, 0.5312288999557495, 0.5204285979270935, 0.502167820930481, 0.4902961552143097, 0.48765701055526733, 0.46663698554039, 0.44667524099349976, 0.4418521821498871, 0.41844671964645386, 0.4163539409637451, 0.3923490643501282, 0.38788336515426636, 0.38414856791496277, 0.3673654794692993, 0.3732748031616211, 0.3615601658821106, 0.3502817749977112, 0.3379184305667877, 0.33323630690574646, 0.33264705538749695, 0.31557220220565796, 0.3219529390335083, 0.30174577236175537, 0.2982078790664673, 0.284342497587204, 0.298997700214386, 0.2917889654636383, 0.2790641486644745, 0.296340674161911, 0.2687854766845703, 0.27837181091308594, 0.2704033851623535, 0.2601662278175354, 0.24421213567256927, 0.2670118510723114, 0.25586405396461487, 0.26007384061813354, 0.2389436662197113, 0.2384490817785263, 0.2223348766565323, 0.2247881293296814, 0.22656144201755524, 0.21589556336402893, 0.21147872507572174, 0.22500556707382202, 0.2277027815580368, 0.20312216877937317, 0.20561066269874573, 0.2157004326581955, 0.21269631385803223, 0.19017116725444794, 0.19324113428592682, 0.1860215663909912, 0.1955142617225647, 0.19207940995693207, 0.20766188204288483, 0.19644777476787567, 0.19108045101165771, 0.17597688734531403, 0.17321501672267914, 0.1623685359954834, 0.18106955289840698], "val_accuracy": [0.5962373614311218, 0.7091172337532043, 0.7366136312484741, 0.7279305458068848, 0.7800289392471313, 0.7539797425270081, 0.7452966570854187, 0.7858176827430725, 0.7872648239135742, 0.7901591658592224, 0.7858176827430725, 0.7872648239135742, 0.7959479093551636, 0.7959479093551636, 0.7901591658592224, 0.7916063666343689, 0.7901591658592224, 0.7973950505256653, 0.7916063666343689, 0.7916063666343689, 0.8031837940216064, 0.7930535674095154, 0.8002894520759583, 0.7945007085800171, 0.7872648239135742, 0.7988422513008118, 0.8002894520759583, 0.8060781359672546, 0.8089724779129028, 0.8046309947967529, 0.7959479093551636, 0.7858176827430725, 0.8031837940216064, 0.8002894520759583, 0.8075253367424011, 0.8060781359672546, 0.80173659324646, 0.8002894520759583, 0.8031837940216064, 0.7945007085800171, 0.8031837940216064, 0.7988422513008118, 0.8031837940216064, 0.80173659324646, 0.8060781359672546, 0.8104196786880493, 0.8002894520759583, 0.8046309947967529, 0.8104196786880493, 0.8060781359672546, 0.8075253367424011, 0.8075253367424011, 0.8075253367424011, 0.80173659324646, 0.8089724779129028, 0.8075253367424011, 0.80173659324646, 0.8118668794631958, 0.7959479093551636, 0.8031837940216064, 0.8176555633544922, 0.8060781359672546, 0.8031837940216064, 0.8104196786880493, 0.8031837940216064, 0.8075253367424011, 0.8089724779129028, 0.8162084221839905, 0.8046309947967529, 0.8118668794631958, 0.80173659324646], "val_loss": [1.0196571350097656, 0.7822467088699341, 0.7405224442481995, 0.7120290398597717, 0.6263429522514343, 0.650493860244751, 0.6575717926025391, 0.5739440321922302, 0.5933693647384644, 0.5660607814788818, 0.5666709542274475, 0.5738159418106079, 0.5782477855682373, 0.5492668151855469, 0.5575827360153198, 0.5442523956298828, 0.5430150628089905, 0.539340078830719, 0.5280799269676208, 0.5480332374572754, 0.5311128497123718, 0.539706289768219, 0.5263935327529907, 0.5472553968429565, 0.561637282371521, 0.5493294596672058, 0.5283197164535522, 0.5193061232566833, 0.5257052779197693, 0.5330102443695068, 0.533255398273468, 0.5584823489189148, 0.5187522768974304, 0.5342385172843933, 0.535013735294342, 0.5345025062561035, 0.5354501605033875, 0.5162040591239929, 0.54289311170578, 0.5340788960456848, 0.5157290697097778, 0.5220390558242798, 0.5689294338226318, 0.5362374186515808, 0.5267615914344788, 0.5199868083000183, 0.5411253571510315, 0.5507441759109497, 0.5284340977668762, 0.551833987236023, 0.529941737651825, 0.5335972309112549, 0.564495325088501, 0.5421543717384338, 0.5522990226745605, 0.5344230532646179, 0.5631257891654968, 0.5650272369384766, 0.560312032699585, 0.5567590594291687, 0.531240701675415, 0.5666006207466125, 0.6083437204360962, 0.5458085536956787, 0.5465686917304993, 0.5503005385398865, 0.5471987128257751, 0.5437963008880615, 0.5608474612236023, 0.5600875616073608, 0.5599510669708252]}