{
    "mean_simple_metrics": [
        0.7256944444444445,
        0.7221360320820719,
        0.9314239757463291
    ],
    "model_simple_metrics": [
        0.7337962962962963,
        0.7313168427347196,
        0.9384936535891123
    ],
    "mean_tuned_metrics": [
        0.738425925925926,
        0.7343402800538068,
        0.9348536991710296
    ],
    "model_tuned_metrics": [
        0.7361111111111112,
        0.7350143251099495,
        0.9352240742255088
    ],
    "mean_vgg16_metrics": [
        0.8321759259259259,
        0.8300285354824625,
        0.9718050616428456
    ],
    "model_vgg16_metrics": [
        0.8344907407407407,
        0.8329451851994504,
        0.9718768549044421
    ],
    "chosen_seeds": [
        0,
        0,
        2
    ]
}