{"accuracy": [0.38285547494888306, 0.5117289423942566, 0.5615406632423401, 0.5751520395278931, 0.6078771948814392, 0.6229366064071655, 0.643498420715332, 0.6423400044441223, 0.6657978296279907, 0.674485981464386, 0.6741963624954224, 0.6878076791763306, 0.686359703540802, 0.6892557144165039, 0.7008398771286011, 0.7130031585693359, 0.7179264426231384, 0.7153199911117554, 0.7242977023124695, 0.7326962351799011, 0.729220986366272, 0.7350130081176758, 0.7413843274116516, 0.7468867897987366, 0.7413843274116516, 0.7616565227508545, 0.752968430519104, 0.7604981064796448, 0.7694758176803589, 0.7712134122848511, 0.766579806804657, 0.770344614982605, 0.7709238529205322, 0.7781639099121094, 0.7816391587257385, 0.7813495397567749, 0.7827975749969482, 0.7885896563529968, 0.7978569269180298, 0.7923544645309448, 0.7990153431892395, 0.7975673079490662, 0.8050970435142517, 0.8007529973983765, 0.798436164855957, 0.8146539330482483, 0.814074695110321, 0.815812349319458, 0.8149435520172119, 0.8181291818618774, 0.8236316442489624, 0.8285548686981201, 0.8218939900398254, 0.8245004415512085, 0.833188533782959, 0.8317404985427856, 0.8328989148139954, 0.8476687073707581, 0.8462206721305847, 0.8349261283874512, 0.8363741636276245, 0.8441934585571289, 0.8421662449836731, 0.8444830775260925, 0.8502750992774963, 0.851433515548706, 0.8496959209442139, 0.8592528104782104, 0.8618592619895935, 0.862438440322876, 0.8604112267494202, 0.8708369731903076, 0.862438440322876, 0.8644656538963318, 0.8659136891365051, 0.8679409027099609, 0.8737329840660095, 0.8746017813682556, 0.873153805732727, 0.8774978518486023, 0.8719953894615173, 0.8670721054077148, 0.878656268119812, 0.8818418979644775, 0.8806834816932678, 0.8832898736000061, 0.8801042437553406, 0.8844482898712158, 0.8754705786705017, 0.8885027766227722], "loss": [1.3824288845062256, 1.157326102256775, 1.0877389907836914, 1.056015968322754, 1.0041500329971313, 0.9727787971496582, 0.9306316375732422, 0.9233448505401611, 0.8905413150787354, 0.8631539344787598, 0.8484470248222351, 0.8212339282035828, 0.8149197697639465, 0.8048269152641296, 0.7804381847381592, 0.7686113119125366, 0.7456609010696411, 0.743726909160614, 0.7299849390983582, 0.7124947309494019, 0.7012341618537903, 0.6914195418357849, 0.6812277436256409, 0.6662848591804504, 0.6637596487998962, 0.6374830603599548, 0.65389084815979, 0.6288095116615295, 0.629438579082489, 0.6077895164489746, 0.6198540925979614, 0.6104759573936462, 0.6109555959701538, 0.5842714905738831, 0.5889601111412048, 0.5723709464073181, 0.5675609111785889, 0.5511965751647949, 0.5479028820991516, 0.54720538854599, 0.5378729104995728, 0.5265377163887024, 0.528603196144104, 0.5240032076835632, 0.5226176977157593, 0.49471986293792725, 0.4948052167892456, 0.5059716105461121, 0.5052818059921265, 0.48062193393707275, 0.4752761423587799, 0.466007262468338, 0.4635939598083496, 0.45754674077033997, 0.4392644464969635, 0.4446849524974823, 0.4482358992099762, 0.41177311539649963, 0.4253707528114319, 0.44157874584198, 0.4434199929237366, 0.4222842752933502, 0.41402342915534973, 0.40963014960289, 0.3913537561893463, 0.3914840817451477, 0.4039812386035919, 0.38086655735969543, 0.3759695887565613, 0.3715972900390625, 0.37638017535209656, 0.3603270351886749, 0.3783562183380127, 0.36562299728393555, 0.36737266182899475, 0.36203905940055847, 0.34808990359306335, 0.34509584307670593, 0.3440142571926117, 0.3310867249965668, 0.3412216305732727, 0.33569100499153137, 0.3226402997970581, 0.3143310248851776, 0.3229101300239563, 0.32645100355148315, 0.3143981397151947, 0.30726391077041626, 0.3240511119365692, 0.2928277850151062], "val_accuracy": [0.46759259700775146, 0.49884259700775146, 0.5520833134651184, 0.5868055820465088, 0.6238425970077515, 0.6030092835426331, 0.6435185074806213, 0.6076388955116272, 0.6168981194496155, 0.6608796119689941, 0.6574074029922485, 0.6585648059844971, 0.6724537014961243, 0.6712962985038757, 0.6770833134651184, 0.6689814925193787, 0.6655092835426331, 0.6828703880310059, 0.6759259104728699, 0.6898148059844971, 0.6979166865348816, 0.6875, 0.7048611044883728, 0.6979166865348816, 0.7083333134651184, 0.7106481194496155, 0.6898148059844971, 0.6956018805503845, 0.7013888955116272, 0.7060185074806213, 0.7002314925193787, 0.7141203880310059, 0.6990740895271301, 0.7129629850387573, 0.7048611044883728, 0.71875, 0.7175925970077515, 0.7199074029922485, 0.7222222089767456, 0.7164351940155029, 0.7106481194496155, 0.7245370149612427, 0.7210648059844971, 0.7152777910232544, 0.7164351940155029, 0.7060185074806213, 0.7268518805503845, 0.7268518805503845, 0.71875, 0.7245370149612427, 0.7418981194496155, 0.7164351940155029, 0.7280092835426331, 0.7245370149612427, 0.7233796119689941, 0.7303240895271301, 0.7488425970077515, 0.7199074029922485, 0.7245370149612427, 0.7395833134651184, 0.7071759104728699, 0.7337962985038757, 0.7326388955116272, 0.7442129850387573, 0.7256944179534912, 0.7465277910232544, 0.7361111044883728, 0.7418981194496155, 0.7395833134651184, 0.7407407164573669, 0.7372685074806213, 0.7372685074806213, 0.7372685074806213, 0.7326388955116272, 0.7442129850387573, 0.7418981194496155, 0.7384259104728699, 0.7488425970077515, 0.7557870149612427, 0.7384259104728699, 0.7488425970077515, 0.7511574029922485, 0.7233796119689941, 0.7314814925193787, 0.75, 0.7280092835426331, 0.7407407164573669, 0.7569444179534912, 0.7488425970077515, 0.7488425970077515], "val_loss": [1.179596185684204, 1.148058533668518, 1.0906546115875244, 1.0340088605880737, 0.9883151650428772, 0.9978870153427124, 0.9450975060462952, 0.96554034948349, 0.9693187475204468, 0.926532506942749, 0.9149559140205383, 0.8947449922561646, 0.8647179007530212, 0.867293655872345, 0.8561139106750488, 0.878955602645874, 0.8540375232696533, 0.8349663019180298, 0.8702941536903381, 0.8208478093147278, 0.8060255646705627, 0.8226191997528076, 0.7952988147735596, 0.810571014881134, 0.8127323985099792, 0.8021462559700012, 0.8072247505187988, 0.8141468167304993, 0.7851237058639526, 0.803977906703949, 0.8399590253829956, 0.773239016532898, 0.8236438632011414, 0.8065579533576965, 0.7964743375778198, 0.7782017588615417, 0.7676695585250854, 0.7941754460334778, 0.7745943665504456, 0.7753669619560242, 0.7768253087997437, 0.7791361212730408, 0.7799342274665833, 0.7866883277893066, 0.8001151084899902, 0.785724401473999, 0.8061890602111816, 0.7718007564544678, 0.7574433088302612, 0.7818009257316589, 0.7711654901504517, 0.785015881061554, 0.770675003528595, 0.7955309748649597, 0.794348955154419, 0.7804528474807739, 0.758955717086792, 0.812405526638031, 0.8492343425750732, 0.748467743396759, 0.8076474070549011, 0.7925773859024048, 0.7710028290748596, 0.805332601070404, 0.8047691583633423, 0.7708649039268494, 0.7817329168319702, 0.8097289800643921, 0.7933783531188965, 0.7868170738220215, 0.7898715138435364, 0.8318910002708435, 0.8236633539199829, 0.8125040531158447, 0.8136223554611206, 0.8111613988876343, 0.8155919313430786, 0.8176247477531433, 0.802505373954773, 0.8775455951690674, 0.8433006405830383, 0.8170815706253052, 0.8671427965164185, 0.8310992121696472, 0.7955582141876221, 0.8300231099128723, 0.8775728940963745, 0.8140712380409241, 0.814386785030365, 0.8166663646697998]}