{"accuracy": [0.39154359698295593, 0.5331595540046692, 0.5621199011802673, 0.5849985480308533, 0.6119316816329956, 0.6072980165481567, 0.6388647556304932, 0.6530553102493286, 0.6536345481872559, 0.6640602350234985, 0.6747755408287048, 0.6788300275802612, 0.6860700845718384, 0.6872285008430481, 0.6996814608573914, 0.7011294364929199, 0.7121343612670898, 0.6996814608573914, 0.7138720154762268, 0.7130031585693359, 0.7193744778633118, 0.7298001646995544, 0.7167680263519287, 0.7367506623268127, 0.7509412169456482, 0.7367506623268127, 0.7576020956039429, 0.7561540603637695, 0.76484215259552, 0.7607877254486084, 0.7654213905334473, 0.76484215259552, 0.7671589851379395, 0.7660005688667297, 0.7691861987113953, 0.7720822691917419, 0.7775847315788269, 0.7827975749969482, 0.7920648455619812, 0.8007529973983765, 0.7859832048416138, 0.7917752861976624, 0.7914856672286987, 0.7969881296157837, 0.8068346381187439, 0.8050970435142517, 0.8117578625679016, 0.8030697703361511, 0.8085722327232361, 0.80770343542099, 0.810309886932373, 0.8108890652656555, 0.8259484767913818, 0.8271068930625916, 0.8233420252799988, 0.821314811706543, 0.8230524063110352, 0.8230524063110352, 0.8239212036132812, 0.8311613202095032, 0.8291341066360474, 0.8398494124412537, 0.8389806151390076, 0.8372429609298706, 0.8401390314102173, 0.841297447681427, 0.8473790884017944, 0.846799910068512, 0.846799910068512, 0.8537503480911255, 0.851433515548706, 0.8525919318199158, 0.8479583263397217, 0.862438440322876, 0.8557775616645813, 0.8618592619895935, 0.8638864755630493, 0.862438440322876, 0.8580943942070007, 0.870547354221344, 0.8734433650970459], "loss": [1.365336298942566, 1.1497710943222046, 1.0807335376739502, 1.0511488914489746, 0.9967328310012817, 0.9861007928848267, 0.946612536907196, 0.9265398383140564, 0.9027412533760071, 0.8712297677993774, 0.8682065010070801, 0.8423271775245667, 0.8164702653884888, 0.8150737881660461, 0.7928824424743652, 0.7823282480239868, 0.7673261165618896, 0.7644051313400269, 0.7477637529373169, 0.7420169115066528, 0.722862184047699, 0.7033985257148743, 0.722557008266449, 0.6893249154090881, 0.6741346120834351, 0.68227219581604, 0.6606639623641968, 0.6574975252151489, 0.641031801700592, 0.628257691860199, 0.6201896667480469, 0.6192398071289062, 0.6139540672302246, 0.613898754119873, 0.594601035118103, 0.5921089053153992, 0.5855345726013184, 0.5793145895004272, 0.5668262839317322, 0.5590610504150391, 0.5548538565635681, 0.5482676029205322, 0.5430276393890381, 0.530032217502594, 0.5299390554428101, 0.5176852345466614, 0.5113458037376404, 0.5159313678741455, 0.5059224963188171, 0.5058746337890625, 0.5032453536987305, 0.49527326226234436, 0.47604960203170776, 0.46938496828079224, 0.47228145599365234, 0.4742548167705536, 0.46268409490585327, 0.4681246280670166, 0.4579121768474579, 0.4433033764362335, 0.4468996822834015, 0.42215684056282043, 0.43620380759239197, 0.44047975540161133, 0.41053611040115356, 0.4136890769004822, 0.41819092631340027, 0.4127276539802551, 0.4051416218280792, 0.3986510634422302, 0.38906630873680115, 0.3821755051612854, 0.3989783525466919, 0.3744986951351166, 0.38742515444755554, 0.3710794746875763, 0.3637550473213196, 0.36598774790763855, 0.37087196111679077, 0.3478357195854187, 0.34191057085990906], "val_accuracy": [0.5011574029922485, 0.5474537014961243, 0.5925925970077515, 0.6145833134651184, 0.6493055820465088, 0.6400462985038757, 0.65625, 0.6331018805503845, 0.6574074029922485, 0.65625, 0.6724537014961243, 0.6863425970077515, 0.6828703880310059, 0.7037037014961243, 0.6956018805503845, 0.6990740895271301, 0.6759259104728699, 0.6990740895271301, 0.7118055820465088, 0.6863425970077515, 0.6886574029922485, 0.7037037014961243, 0.7164351940155029, 0.7083333134651184, 0.7245370149612427, 0.7199074029922485, 0.7303240895271301, 0.7152777910232544, 0.7291666865348816, 0.7233796119689941, 0.71875, 0.7152777910232544, 0.7280092835426331, 0.7303240895271301, 0.7372685074806213, 0.75, 0.7476851940155029, 0.7569444179534912, 0.7430555820465088, 0.7349537014961243, 0.7384259104728699, 0.7430555820465088, 0.7384259104728699, 0.7569444179534912, 0.7372685074806213, 0.7303240895271301, 0.7418981194496155, 0.7395833134651184, 0.7430555820465088, 0.7395833134651184, 0.7488425970077515, 0.7476851940155029, 0.7569444179534912, 0.7569444179534912, 0.7465277910232544, 0.7337962985038757, 0.7581018805503845, 0.7476851940155029, 0.7418981194496155, 0.7465277910232544, 0.7442129850387573, 0.7592592835426331, 0.7662037014961243, 0.75, 0.7534722089767456, 0.7511574029922485, 0.7581018805503845, 0.7523148059844971, 0.7453703880310059, 0.7430555820465088, 0.75, 0.7581018805503845, 0.7592592835426331, 0.7245370149612427, 0.7407407164573669, 0.7488425970077515, 0.7673611044883728, 0.7557870149612427, 0.7488425970077515, 0.7488425970077515, 0.7476851940155029], "val_loss": [1.175409197807312, 1.105325698852539, 1.0320299863815308, 1.0002981424331665, 0.9520928263664246, 0.9541629552841187, 0.8999237418174744, 0.8890101909637451, 0.8863454461097717, 0.9024555683135986, 0.864151120185852, 0.824348509311676, 0.8084091544151306, 0.7818217277526855, 0.792564868927002, 0.7966861128807068, 0.8324650526046753, 0.7611290216445923, 0.7461442351341248, 0.8136721253395081, 0.7902779579162598, 0.7419930100440979, 0.7199110388755798, 0.726396918296814, 0.7112784385681152, 0.7340813279151917, 0.7109355926513672, 0.7047889828681946, 0.6959866285324097, 0.7164048552513123, 0.7602328658103943, 0.7342821955680847, 0.6914154887199402, 0.682270884513855, 0.6875039339065552, 0.6680431365966797, 0.6654918789863586, 0.6527484059333801, 0.6587177515029907, 0.6925769448280334, 0.6908323764801025, 0.667206346988678, 0.6886245608329773, 0.6565792560577393, 0.6812260746955872, 0.6723915338516235, 0.6572308540344238, 0.6839302182197571, 0.6542208790779114, 0.6725206971168518, 0.6440176963806152, 0.646799623966217, 0.6681002974510193, 0.6620557308197021, 0.67318195104599, 0.690554678440094, 0.667887270450592, 0.6763481497764587, 0.6777881979942322, 0.6553426384925842, 0.6731421947479248, 0.6732638478279114, 0.6845950484275818, 0.6830703020095825, 0.66202712059021, 0.6512055993080139, 0.7127959728240967, 0.6803750395774841, 0.6804285645484924, 0.6460311412811279, 0.7065010070800781, 0.690345823764801, 0.6726259589195251, 0.7537054419517517, 0.6847979426383972, 0.7760630249977112, 0.6966173648834229, 0.6973130106925964, 0.7164826989173889, 0.7754857540130615, 0.6917554140090942]}