{"accuracy": [0.43556326627731323, 0.49753835797309875, 0.5395308136940002, 0.5621199011802673, 0.5823920965194702, 0.6174341440200806, 0.606139600276947, 0.6342310905456543, 0.6420503854751587, 0.6559513211250305, 0.6556617617607117, 0.668983519077301, 0.6834636330604553, 0.6657978296279907, 0.6886765360832214, 0.6927309632301331, 0.6933101415634155, 0.706342339515686, 0.7228496670722961, 0.7083695530891418, 0.7231392860412598, 0.7298001646995544, 0.7295105457305908, 0.7442803382873535, 0.7402259111404419, 0.7254561185836792, 0.7405154705047607, 0.7500724196434021, 0.7520996332168579, 0.7544164657592773, 0.7422531247138977, 0.7657109498977661, 0.7668693661689758, 0.7671589851379395, 0.7654213905334473, 0.7770054936408997, 0.7680277824401855, 0.7758470773696899, 0.7813495397567749, 0.7793223261833191, 0.7883000373840332, 0.7946712970733643, 0.8033593893051147, 0.7990153431892395, 0.7990153431892395, 0.8088618516921997, 0.8074138164520264, 0.8082826733589172, 0.8074138164520264, 0.8172603249549866, 0.8239212036132812, 0.8233420252799988, 0.8224732279777527, 0.8227627873420715, 0.8175499439239502, 0.8256588578224182, 0.8253692388534546, 0.8302925229072571, 0.8346365690231323, 0.8415870070457458, 0.8520127534866333, 0.8485375046730042, 0.838690996170044, 0.841297447681427, 0.8439038395881653, 0.853171169757843, 0.8462206721305847], "loss": [1.7899762392044067, 1.4348485469818115, 1.3093760013580322, 1.1834348440170288, 1.168447732925415, 1.0688508749008179, 1.0924855470657349, 1.0178065299987793, 0.9933545589447021, 0.9292837977409363, 0.9421482086181641, 0.89909428358078, 0.8812214732170105, 0.9010651111602783, 0.8486337065696716, 0.827465832233429, 0.8169428110122681, 0.7908905744552612, 0.7516230344772339, 0.7683157920837402, 0.7563388347625732, 0.7314731478691101, 0.7311343550682068, 0.6881428360939026, 0.6927221417427063, 0.7070415616035461, 0.6763117909431458, 0.6721709370613098, 0.6591504812240601, 0.664055347442627, 0.6680241823196411, 0.6476072072982788, 0.6085392832756042, 0.62520432472229, 0.6230385899543762, 0.590208113193512, 0.623336672782898, 0.6017436981201172, 0.5800485610961914, 0.5862259268760681, 0.565208911895752, 0.5524225234985352, 0.5339377522468567, 0.5561532378196716, 0.5296297669410706, 0.5226727724075317, 0.5118966698646545, 0.5067856907844543, 0.5088018774986267, 0.4841027855873108, 0.4851556718349457, 0.48715129494667053, 0.4858147203922272, 0.48203805088996887, 0.4758545458316803, 0.4639979600906372, 0.45948028564453125, 0.4569582939147949, 0.4432675242424011, 0.4372991919517517, 0.4132445156574249, 0.419872522354126, 0.4396275579929352, 0.4293419122695923, 0.41775521636009216, 0.40781259536743164, 0.41387537121772766], "val_accuracy": [0.2430555522441864, 0.2430555522441864, 0.2430555522441864, 0.2430555522441864, 0.2534722089767456, 0.28009259700775146, 0.35532405972480774, 0.45717594027519226, 0.5046296119689941, 0.5810185074806213, 0.6215277910232544, 0.6331018805503845, 0.6585648059844971, 0.6504629850387573, 0.6967592835426331, 0.6967592835426331, 0.6967592835426331, 0.7048611044883728, 0.6840277910232544, 0.71875, 0.7106481194496155, 0.7118055820465088, 0.7141203880310059, 0.71875, 0.7013888955116272, 0.7303240895271301, 0.7210648059844971, 0.7118055820465088, 0.7303240895271301, 0.7372685074806213, 0.7303240895271301, 0.7372685074806213, 0.7337962985038757, 0.6863425970077515, 0.7349537014961243, 0.7337962985038757, 0.7569444179534912, 0.7326388955116272, 0.7361111044883728, 0.7453703880310059, 0.7280092835426331, 0.7175925970077515, 0.7152777910232544, 0.7511574029922485, 0.7337962985038757, 0.7164351940155029, 0.7118055820465088, 0.7268518805503845, 0.7141203880310059, 0.7222222089767456, 0.7326388955116272, 0.7395833134651184, 0.7627314925193787, 0.7372685074806213, 0.7569444179534912, 0.7511574029922485, 0.7523148059844971, 0.7418981194496155, 0.7442129850387573, 0.7442129850387573, 0.7337962985038757, 0.7280092835426331, 0.7476851940155029, 0.7592592835426331, 0.7372685074806213, 0.7673611044883728, 0.7604166865348816], "val_loss": [5.420233726501465, 10.580955505371094, 13.216764450073242, 13.479742050170898, 11.623115539550781, 7.037160396575928, 4.561895847320557, 3.1859054565429688, 2.3138411045074463, 1.8926600217819214, 1.5822020769119263, 1.3185333013534546, 1.3153654336929321, 1.4311952590942383, 1.1827384233474731, 0.9530181884765625, 1.2513617277145386, 1.0494930744171143, 1.221575379371643, 1.0568617582321167, 0.9231433272361755, 0.9035159945487976, 0.9301852583885193, 0.8412415981292725, 1.0648113489151, 0.8877429366111755, 0.8883623480796814, 0.9170146584510803, 0.9080047607421875, 0.8919807076454163, 1.0533610582351685, 0.8727723360061646, 0.9850574135780334, 1.080674409866333, 0.9099974036216736, 1.0076051950454712, 0.809722363948822, 0.8547911047935486, 0.9433513879776001, 0.9398406147956848, 0.9858368039131165, 1.0138037204742432, 1.0128507614135742, 1.0782270431518555, 0.9193366765975952, 0.9813339710235596, 1.0486704111099243, 1.005774974822998, 1.1046202182769775, 1.087615966796875, 1.1556419134140015, 1.103388786315918, 1.0054843425750732, 0.9474135637283325, 0.8664578199386597, 0.9374907612800598, 0.8717483282089233, 0.9996505975723267, 1.0073211193084717, 1.076819658279419, 1.0844758749008179, 0.9533016681671143, 0.9260460138320923, 0.9262098670005798, 0.9532302021980286, 1.108022689819336, 1.0071799755096436]}